name,number,homegrown,new,position,birthday,height,weight,place_birth,nation,before_team,participation,goals,f_p_day,f_g_day,team
菅野 孝憲,1,,,GK,1984/05/03,179,75,埼玉県,日本,ヴェルディＪｒユース－東京ヴェルディ１９６９ユース－横浜ＦＣ－柏レイソル－京都サンガF.C.－北海道コンサドーレ札幌－京都サンガF.C.－北海道コンサドーレ札幌－京都サンガF.C.,236/259/0,0/1/0,2003/06/18,2004/07/10,北海道コンサドーレ札幌
石川 直樹,2,,,DF,1985/09/13,180,74,千葉県,日本,柏レイソルＪｒユース－柏レイソルユース－柏レイソル－コンサドーレ札幌－柏レイソル－コンサドーレ札幌－柏レイソル－アルビレックス新潟－ベガルタ仙台,261/66/0,11/3/0,2005/10/23,2006/11/26,北海道コンサドーレ札幌
進藤 亮佑,3,ホームグロウン,,DF,1996/06/07,183,74,北海道,日本,ＳＳＳ札幌－ＳＳＳＪｒユース－コンサドーレ札幌Ｕ－１８,76/23/14,10/0/2,2015/03/29,2015/08/09,北海道コンサドーレ札幌
チョン ソンリョン,1,,,GK,1985/01/04,191,91,大韓民国,大韓民国,西歸浦高等学校／大韓民国－浦項スティーラース／大韓民国－城南一和／大韓民国－水原三星ブルーウィングス／大韓民国,121/0/0,,2016/02/27,,川崎フロンターレ
菅 大輝,4,ホームグロウン,,FW,1998/09/10,171,69,北海道,日本,コンサドーレ札幌Ｕ－１２－コンサドーレ札幌Ｕ－１５－コンサドーレ札幌Ｕ－１８,88/5/0,2/0/0,2016/04/03,2017/08/05,北海道コンサドーレ札幌
福森 晃斗,5,,,DF,1992/12/16,183,75,神奈川県,日本,ＦＣ高谷０４－村岡中－桐光学園高－川崎フロンターレ－コンサドーレ札幌－川崎フロンターレ－北海道コンサドーレ札幌－川崎フロンターレ,114/78/0,8/7/0,2011/07/23,2014/11/02,北海道コンサドーレ札幌
ルーカス フェルナンデス,7,,,MF,1994/04/24,174,65,ブラジル,ブラジル,ＣＲＢ／ブラジル－フルミネンセＦＣ／ブラジル－ボンスセッソ／ブラジル－ルヴェルデンセＥＣ／ブラジル－アヴァイＦＣ／ブラジル－アトレチコ　パラナエンセ／ブラジル－フルミネンセＦＣ／ブラジル－アトレチコ　パラナエンセ／ブラジル－パラナ／ブラジル－ヴィトーリア／ブラジル,32/0/0,2/0/0,2019/02/23,2019/11/02,北海道コンサドーレ札幌
登里 享平,2,ホームグロウン,,DF,1990/11/13,168,68,大阪府,日本,ＥＸＥ’９０ＦＣ－香川西高,185/0/0,7/0/0,2009/06/20,2009/10/25,川崎フロンターレ
ジェジエウ,4,,,DF,1994/03/05,186,84,ブラジル,ブラジル,アトレチコ　ミネイロ／ブラジル－ＣＡブラガンチーノ／ブラジル－アトレチコ　ミネイロ／ブラジル－ミラソウＦＣ／ブラジル－パラナ　クラブ／ブラジル－川崎フロンターレ－アトレチコ　ミネイロ／ブラジル,16/0/0,,2019/05/03,,川崎フロンターレ
谷口 彰悟,5,,,DF,1991/07/15,183,75,熊本県,日本,熊本ユナイテッドＳＣ－大津高－筑波大,197/0/0,14/0/0,2014/03/23,2014/08/30,川崎フロンターレ
深井 一希,8,ホームグロウン,,MF,1995/03/11,179,80,北海道,日本,コンサドーレ札幌Ｕ－１２－コンサドーレ札幌Ｕ－１５－コンサドーレ札幌Ｕ－１８,66/62/0,4/0/0,2013/03/20,2018/03/02,北海道コンサドーレ札幌
鈴木 武蔵,9,,,FW,1994/02/11,185,74,ジャマイカ,日本,韮川西小サッカースポーツ少年団－ＦＣおおたＪｒユース－桐生第一高－アルビレックス新潟－水戸ホーリーホック－アルビレックス新潟－松本山雅ＦＣ－アルビレックス新潟－Ｖ・ファーレン長崎,160/15/3,32/2/0,2012/05/19,2013/05/25,北海道コンサドーレ札幌
宮澤 裕樹,10,ホームグロウン,,MF,1989/06/28,182,72,北海道,日本,室蘭大沢ＦＣ－室蘭大谷高,118/249/0,5/20/0,2008/05/03,2008/05/17,北海道コンサドーレ札幌
守田 英正,6,,,MF,1995/05/10,177,75,大阪府,日本,高槻清水ＦＣ－高槻第九中－金光大阪高－流通経済大,49/0/0,,2018/02/25,,川崎フロンターレ
車屋 紳太郎,7,,,DF,1992/04/05,178,75,熊本県,日本,長嶺中－大津高－筑波大,154/0/0,1/0/0,2014/11/29,2016/07/30,川崎フロンターレ
脇坂 泰斗,8,ホームグロウン,,MF,1995/06/11,172,68,神奈川県,日本,ＦＣ本郷－エスペランサＪｒユース－川崎フロンターレＵ－１８－阪南大,19/0/0,5/0/0,2019/04/19,2019/05/12,川崎フロンターレ
アンデルソン ロペス,11,,,FW,1993/09/15,185,78,ブラジル,ブラジル,アヴァイＦＣ／ブラジル－ＣＮマルシリオ　ジアス／ブラジル－アヴァイＦＣ／ブラジル－アトレチコ　パラナエンセ／ブラジル－サンフレッチェ広島－ＦＣソウル／大韓民国,65/0/0,21/0/0,2016/07/30,2016/10/29,北海道コンサドーレ札幌
駒井 善成,14,,,MF,1992/06/06,168,64,京都府,日本,京都パープルサンガジュニア－京都サンガF.C.Ｕ－１５－京都サンガF.C.Ｕ－１８－京都サンガF.C.－浦和レッズ－北海道コンサドーレ札幌－浦和レッズ,80/171/0,0/15/0,2011/04/30,2011/07/18,北海道コンサドーレ札幌
濱 大耀,15,ホームグロウン,,DF,1998/06/14,182,73,北海道,日本,クラブフィールズＵ－１２－クラブフィールズＵ－１５－北海道コンサドーレ札幌Ｕ－１８,,,,,北海道コンサドーレ札幌
藤村 怜,16,ホームグロウン,,FW,1999/05/26,176,68,北海道,日本,栗山ＦＣ－コンサドーレ札幌Ｕ－１５－北海道コンサドーレ札幌Ｕ－１８,1/0/0,,2019/06/30,,北海道コンサドーレ札幌
檀崎 竜孔,17,,,MF,2000/05/31,174,63,宮城県,日本,館腰サッカースポーツ少年団－青森山田中－青森山田高,2/0/0,,2019/04/20,,北海道コンサドーレ札幌
レアンドロ ダミアン,9,,,FW,1989/07/22,188,90,ブラジル,ブラジル,アトレチコ　イビラマ／ブラジル－ドーゼ　デ　オウトゥブロ／ブラジル－ＣＮマルシリオ・ジアス／ブラジル－ＣＡツバラン／ブラジル－ＳＣインテルナシオナル／ブラジル－サントスＦＣ／ブラジル－クルゼイロＥＣ／ブラジル－レアル　ベティス／スペイン－ＣＲフラメンゴ／ブラジル－ＳＣインテルナシオナル／ブラジル,24/0/0,9/0/0,2019/02/23,2019/03/10,川崎フロンターレ
大島 僚太,10,ホームグロウン,,MF,1993/01/23,168,64,静岡県,日本,船越ＳＳＳ－静岡学園中－静岡学園高,195/0/1,10/0/0,2011/05/07,2012/05/03,川崎フロンターレ
小林 悠,11,,,FW,1987/09/23,177,72,東京都,日本,町田ＪＦＣ－町田ＪＦＣＪｒユース－麻布大附属渕野辺高－拓殖大,260/5/0,106/0/0,2008/07/20,2011/05/03,川崎フロンターレ
山根 視来,13,,,DF,1993/12/22,178,72,神奈川県,日本,あざみ野Ｆ．Ｃ．－東京ヴェルディ１９６９ジュニア－東京ヴェルディ１９６９Ｊｒユース－東京ヴェルディＪｒユース－ウィザス高－桐蔭横浜大－湘南ベルマーレ,64/37/0,3/0/0,2017/02/26,2018/04/07,川崎フロンターレ
中村 憲剛,14,,,MF,1980/10/31,175,66,東京都,日本,小金井第二中－久留米高－中央大,458/75/0,72/9/0,2003/03/15,2003/04/09,川崎フロンターレ
チャナティップ,18,,,MF,1993/10/05,158,56,タイ,タイ,ＢＥＣテロ　サーサナＦＣ／タイ－ムアントンユナイテッド／タイ－北海道コンサドーレ札幌－ムアントンユナイテッド／タイ,75/0/0,12/0/0,2017/07/29,2018/03/02,北海道コンサドーレ札幌
白井 康介,19,,,MF,1994/05/01,165,63,愛知県,日本,ＦＣ豊橋リトルＪセレソン－ＦＣ豊橋デューミラン－大阪桐蔭高－湘南ベルマーレ－福島ユナイテッドＦＣ－湘南ベルマーレ－愛媛ＦＣ－湘南ベルマーレ－愛媛ＦＣ,34/91/0,2/8/0,2014/09/28,2015/11/08,北海道コンサドーレ札幌
キム ミンテ,20,,,DF,1993/11/26,187,78,大韓民国,大韓民国,富平高／大韓民国－光云大／大韓民国－ベガルタ仙台,92/0/0,4/0/0,2015/05/10,2015/05/10,北海道コンサドーレ札幌
阿波加 俊太,21,ホームグロウン,,GK,1995/02/07,188,77,北海道,日本,空知ＦＣ－コンサドーレ札幌Ｕ－１５－コンサドーレ札幌Ｕ－１８－コンサドーレ札幌－ＳＣ相模原－コンサドーレ札幌－Ｈｏｎｄａ　ＦＣ－北海道コンサドーレ札幌－愛媛ＦＣ,0/1/5,,2014/06/01,,北海道コンサドーレ札幌
中野 嘉大,23,,,MF,1993/02/24,176,66,鹿児島県,日本,パルティーダ鹿児島Ｕ－１２－パルティーダ鹿児島Ｕ－１５－佐賀東高－筑波大－川崎フロンターレ－ベガルタ仙台－川崎フロンターレ－ベガルタ仙台,87/0/0,5/0/0,2015/08/22,2015/10/04,北海道コンサドーレ札幌
イサカ ゼイン,15,,,DF,1997/05/29,174,75,東京都,日本,町田ＪＦＣ－町田ＪＦＣＪｒユース－桐光学園高－桐蔭横浜大,,,,,川崎フロンターレ
長谷川 竜也,16,,,MF,1994/03/07,164,60,静岡県,日本,門池ＳＳＳ－静岡学園中－静岡学園高－順天堂大,64/0/0,12/0/0,2016/08/13,2016/11/03,川崎フロンターレ
ジオゴ マテウス,17,,,DF,1993/02/13,173,67,ブラジル,ブラジル,ＳＣインテルナシオナル／ブラジル－ＦＣポルトＢ／ポルトガル－ポルティモネンセＳＣ／ポルトガル－ＳＣインテルナシオナル／ブラジル－ECヴィトーリア／ブラジル－ＡＡポンチプレッタ／ブラジル－ECヴィトーリア／ブラジル－ＡＡポンチプレッタ／ブラジル－クリシューマＥＣ／ブラジル－フェロヴィアリア／ブラジル－ＣＲＢ／ブラジル－コリチーバＦＣ／ブラジル,,,,,川崎フロンターレ
三笘 薫,18,ホームグロウン,,MF,1997/05/20,178,71,神奈川県,日本,さぎぬまＳＣ－川崎フロンターレＵ－１２－川崎フロンターレＵ－１５－川崎フロンターレＵ－１８－筑波大,1/0/0,,2020/02/22,,川崎フロンターレ
ク ソンユン,25,,,GK,1994/06/27,195,82,大韓民国,大韓民国,在鉉中／大韓民国－在鉉高／大韓民国－セレッソ大阪Ｕ－１８－セレッソ大阪,101/66/0,,2015/03/08,,北海道コンサドーレ札幌
早坂 良太,26,,,MF,1985/09/19,183,73,奈良県,日本,猪高中－愛知高－静岡大－Ｈｏｎｄａ　ＦＣ－サガン鳥栖,186/73/0,8/14/0,2010/03/07,2010/03/28,北海道コンサドーレ札幌
荒野 拓馬,27,ホームグロウン,,MF,1993/04/20,180,72,北海道,日本,札幌ＦＣ－コンサドーレ札幌ユース・Ｕ－１５－コンサドーレ札幌Ｕ－１８,87/107/0,2/11/0,2010/10/24,2013/07/07,北海道コンサドーレ札幌
カウィン,29,,,GK,1990/01/26,183,78,タイ,タイ,ラパチャＦＣ／タイ－ムアントンユナイテッド／タイ－ＯＨルーヴェン／ベルギー,,,,,北海道コンサドーレ札幌
齋藤 学,19,,,MF,1990/04/04,169,66,神奈川県,日本,横浜Ｆ・マリノスプライマリー－横浜Ｆ・マリノスＪｒユース－横浜Ｆ・マリノスユース－横浜Ｆ・マリノス－愛媛ＦＣ－横浜Ｆ・マリノス,233/36/0,35/14/0,2008/08/24,2011/04/24,川崎フロンターレ
宮代 大聖,20,ホームグロウン,,FW,2000/05/26,178,73,東京都,日本,渋谷東部ＪＦＣ－川崎フロンターレＵ－１２－川崎フロンターレＵ－１５－川崎フロンターレＵ－１８－川崎フロンターレ－レノファ山口ＦＣ,0/19/0,0/2/0,2019/07/20,2019/09/28,川崎フロンターレ
下田 北斗,22,,,MF,1991/11/07,171,66,神奈川県,日本,崇善ＦＣ－勝原ＳＣ－江陽中－大清水高－専修大－ヴァンフォーレ甲府－湘南ベルマーレ,76/10/0,5/0/0,2014/03/01,2015/05/30,川崎フロンターレ
藤嶋 栄介,23,,,GK,1992/01/31,186,80,熊本県,日本,フォルテＦＣ熊本ジュニア－フォルテＦＣ熊本－大津高－福岡大－サガン鳥栖－ジェフユナイテッド千葉－サガン鳥栖－松本山雅ＦＣ－サガン鳥栖－レノファ山口ＦＣ－川崎フロンターレ－レノファ山口ＦＣ,3/25/0,,2013/08/10,,川崎フロンターレ
金子 拓郎,30,,,MF,1997/07/30,178,68,埼玉県,日本,小川サッカースポーツ少年団－クマガヤＳＣ－前橋育英高－日本大,6/0/0,,2019/03/30,,北海道コンサドーレ札幌
高嶺 朋樹,31,ホームグロウン,,MF,1997/12/29,177,74,北海道,日本,北海道コンサドーレ札幌Ｕ－１２－北海道コンサドーレ札幌Ｕ－１５－北海道コンサドーレ札幌Ｕ－１８－筑波大,,,,,北海道コンサドーレ札幌
田中 駿汰,32,,,DF,1997/05/26,183,68,大阪府,日本,ＮＳＣ北斗ＳＣ－ガンバ大阪Ｊｒユース－履正社高－大阪体育大,,,,,北海道コンサドーレ札幌
ドゥグラス オリベイラ,33,,,FW,1995/01/16,188,88,ブラジル,ブラジル,コリチーバＦＣ／ブラジル－グレミオマリンガＦＣ／ブラジル－コリチーバＦＣ／ブラジル－リオ　ブランコ／ブラジル－アルミランテ・バローゾ／ブラジル－ペロタス／ブラジル－コンコルディア／ブラジル－コスタリカ／ブラジル－イタボライ／ブラジル－ゴイタカスＦＣ／ブラジル－マルシリオ・ジアス／ブラジル－ルヴェルデンセＥＣ／ブラジル,,,,,北海道コンサドーレ札幌
安藤 駿介,24,ホームグロウン,,GK,1990/08/10,185,81,東京都,日本,ヴァロールＳＣウェスト－川崎フロンターレＵ－１５－川崎フロンターレＵ－１８－川崎フロンターレ－湘南ベルマーレ,15/0/0,,2011/05/29,,川崎フロンターレ
田中 碧,25,ホームグロウン,,MF,1998/09/10,177,69,神奈川県,日本,さぎぬまＳＣ－川崎フロンターレＵ－１２－川崎フロンターレＵ－１５－川崎フロンターレＵ－１８,29/0/0,2/0/0,2018/09/15,2018/09/15,川崎フロンターレ
神谷 凱士,26,,,DF,1997/06/16,183,76,愛知県,日本,ＦＣ西尾－ホペイロ刈谷－東海学園高－東海学園大,,,,,川崎フロンターレ
丹野 研太,27,,,GK,1986/08/30,186,80,宮城県,日本,ＦＣみやぎバルセロナＪｒユース－ＦＣみやぎバルセロナユース－セレッソ大阪－Ｖ・ファーレン長崎－セレッソ大阪－大分トリニータ－セレッソ大阪－大分トリニータ－セレッソ大阪,28/32/15,,2009/12/05,,川崎フロンターレ
中野 小次郎,34,,,GK,1999/03/05,200,90,徳島県,日本,ＵＳＦＣ－徳島ヴォルティスＪｒユース－徳島ヴォルティスユース－法政大在学中,,,,,北海道コンサドーレ札幌
菅野 紘希,37,（２種）,,DF,2002/10/25,183,80,北海道,日本,ＳＳＳ札幌サッカースクール－ＳＳＳ札幌Ｊｒユース,,,,,北海道コンサドーレ札幌
木戸 柊摩,38,（２種）,,MF,2003/01/02,168,62,北海道,日本,ＣＡＳＣＡＶＥＬ　ＳＡＰＰＯＲＯ　Ｕ－北海道コンサドーレ札幌Ｕ－１５,,,,,北海道コンサドーレ札幌
大和 蓮,39,（２種）,,FW,2002/06/25,172,65,北海道,日本,恵み野サッカースポーツ少年団－北海道コンサドーレ札幌Ｕ－１５,,,,,北海道コンサドーレ札幌
原田 虹輝,28,,,MF,2000/08/06,169,60,埼玉県,日本,岩槻ジャガーズサッカースポーツ少年団－クラブ与野－昌平高,,,,,川崎フロンターレ
旗手 怜央,30,,,FW,1997/11/21,171,70,三重県,日本,ＦＣ四日市ジュニア－ＦＣ四日市－静岡学園高－順天堂大,2/0/0,,2019/12/07,,川崎フロンターレ
山村 和也,34,,,MF,1989/12/02,186,80,長崎県,日本,国見中－国見高－流通経済大－鹿島アントラーズ－セレッソ大阪,132/34/0,16/6/0,2012/03/17,2012/05/19,川崎フロンターレ
家長 昭博,41,,,MF,1986/06/13,173,70,兵庫県,日本,ガンバ大阪Ｊｒユース－ガンバ大阪ユース－ガンバ大阪－大分トリニータ－ガンバ大阪－大分トリニータ－ガンバ大阪－セレッソ大阪－ＲＣＤマジョルカ／スペイン－蔚山現代／大韓民国－ガンバ大阪－ＲＣＤマジョルカ／スペイン－大宮アルディージャ,299/50/0,40/12/0,2004/06/26,2004/06/26,川崎フロンターレ
佐藤 陽成,40,（２種）,,FW,2003/09/03,168,63,北海道,日本,稚内ジュニアイレブン－稚内南中,,,,,北海道コンサドーレ札幌
ジェイ,48,,,FW,1982/05/07,190,89,イングランド,イングランド,アーセナル／イングランド－コヴェントリー　シティ／イングランド－ペルージャ／イタリア－ブラックバーン／イングランド－チャールトン／イングランド－ウルバーハンプトン／イングランド－ストーク　シティ／イングランド－カーディフ　シティ／イングランド－クイーンズ　パーク／イングランド－シェフィールド／イングランド－ムアントンユナイテッド／タイ－ジュビロ磐田,84/32/0,42/20/0,2015/03/08,2015/03/08,北海道コンサドーレ札幌
パラ,2,,,DF,1995/08/23,167,70,ブラジル,ブラジル,ＥＣバイーア／ブラジル－クルゼイロＥＣ／ブラジル－アトレチコ　パラナエンセ／ブラジル－フィゲイレンセＦＣ／ブラジル－アメリカ　ミネイロ／ブラジル－クルゼイロＥＣ／ブラジル－グアラニＦＣ／ブラジル－ボタフォゴＳＰ／ブラジル,,,,,ベガルタ仙台
飯尾 竜太朗,3,,,MF,1991/01/30,173,69,兵庫県,日本,神戸ＦＣ－ヴィッセル神戸Ｊｒユース－ヴィッセル神戸ユース－阪南大－松本山雅ＦＣ－Ｖ・ファーレン長崎,38/79/0,1/5/0,2013/05/19,2016/06/19,ベガルタ仙台
蜂須賀 孝治,4,,,DF,1990/07/20,180,76,栃木県,日本,ホーリーホックＳＳとちぎ－ヴェルディＳＳ小山－桐生第一高－仙台大,143/0/0,4/0/0,2012/12/01,2018/04/25,ベガルタ仙台
椎橋 慧也,5,ホームグロウン,,MF,1997/06/20,178,70,千葉県,日本,咲が丘ＳＣ－八木が谷中－市立船橋高,38/0/0,1/0/0,2017/07/30,2017/09/23,ベガルタ仙台
兵藤 慎剛,6,,,MF,1985/07/29,172,68,長崎県,日本,茂木サッカースポーツ少年団－海星中－国見高－早稲田大－横浜Ｆ・マリノス－北海道コンサドーレ札幌,328/0/0,35/0/0,2008/04/02,2008/11/23,ベガルタ仙台
関口 訓充,7,ホームグロウン,,MF,1985/12/26,171,66,東京都,日本,永山ＦＣ－ＦＣ多摩Ｊｒユース－帝京高－ベガルタ仙台－浦和レッズ－セレッソ大阪,168/247/0,11/20/0,2004/07/04,2004/10/16,ベガルタ仙台
松下 佳貴,8,,,MF,1994/03/03,174,67,愛媛県,日本,宮前ＳＣ－三津浜中－松山工高－阪南大－ヴィッセル神戸,72/0/0,4/0/0,2015/08/29,2016/10/29,ベガルタ仙台
イサック クエンカ,9,,,MF,1991/04/27,179,68,スペイン,スペイン,ＣＦレウス　デポルティウ／スペイン－バルセロナＢ／スペイン－ＣＥサバデル／スペイン－バルセロナ／スペイン－アヤックス／オランダ－デポルティーボ　ラコルーニ／スペイン－ブルサスポル／トルコ－グラナダＣＦ／スペイン－ハポエル　ベエルシェバＦ／イスラエル－サガン鳥栖,29/0/0,6/0/0,2019/03/10,2019/03/17,ベガルタ仙台
赤﨑 秀平,11,,,FW,1991/09/01,174,70,鹿児島県,日本,パルティーダ鹿児島Ｕ１２－パルティーダ鹿児島Ｕ１５－佐賀東高－筑波大－鹿島アントラーズ－ガンバ大阪－鹿島アントラーズ－川崎フロンターレ－名古屋グランパス－川崎フロンターレ,99/0/0,20/0/0,2013/08/03,2014/05/17,ベガルタ仙台
平岡 康裕,13,,,DF,1986/05/23,183,72,静岡県,日本,富士根北ＳＳＳ－西富士ＦＣ－清水商高－清水エスパルス－コンサドーレ札幌－清水エスパルス－ベガルタ仙台－清水エスパルス,303/0/0,14/0/0,2006/05/03,2010/04/11,ベガルタ仙台
石原 崇兆,14,,,MF,1992/11/17,172,67,静岡県,日本,トライアングルＦＣ－清水エスパルスＪｒユース－清水エスパルスユース－ファジアーノ岡山－松本山雅ＦＣ,40/243/0,0/20/0,2011/03/06,2011/10/26,ベガルタ仙台
西村 拓真,15,ホームグロウン,,FW,1996/10/22,178,76,愛知県,日本,名東クラブジュニア－名東クラブＪｒユース－富山第一高－ベガルタ仙台－ＣＳＫＡ　モスクワ／ロシア連邦－ポルティモネンセＳＣ／ポルトガル,64/0/14,14/0/1,2015/05/31,2015/08/09,ベガルタ仙台
吉野 恭平,16,,,DF,1994/11/08,182,75,宮城県,日本,ＦＣ．　ＡＳＫ－Ａ．Ｃ　Ａｚｚｕｒｒｉ－東京ヴェルディユース－東京ヴェルディ－サンフレッチェ広島－東京ヴェルディ－サンフレッチェ広島－京都サンガF.C.－サンフレッチェ広島－京都サンガF.C.－サンフレッチェ広島,37/70/5,0/2/0,2013/03/24,2014/03/16,ベガルタ仙台
富田 晋伍,17,ホームグロウン,,MF,1986/06/20,169,64,栃木県,日本,ＦＣ大平－ヴェルディＳＳ小山－東京ヴェルディユース,301/109/0,4/1/0,2005/03/05,2007/06/27,ベガルタ仙台
道渕 諒平,18,ホームグロウン,,MF,1994/06/16,177,74,宮城県,日本,なかのＦＣ－ベガルタ仙台Ｊｒユース－ベガルタ仙台ユース－明治大－ヴァンフォーレ甲府,30/27/0,5/2/0,2017/02/26,2018/06/20,ベガルタ仙台
ジャーメイン 良,19,,,FW,1995/04/19,182,75,神奈川県,日本,南毛利ＦＣ－ＦＣ厚木ＪｒユースＤＲＥＡＭＳ－流通経済大付属柏高－流通経済大,40/0/0,4/0/0,2017/12/02,2018/07/18,ベガルタ仙台
長沢 駿,20,,,FW,1988/08/25,192,82,静岡県,日本,清水ＦＣ－清水エスパルスＪｒユース－清水エスパルスユース－清水エスパルス－ロアッソ熊本－清水エスパルス－京都サンガF.C.－清水エスパルス－松本山雅ＦＣ－清水エスパルス－ガンバ大阪－ヴィッセル神戸－ガンバ大阪,140/79/1,35/12/0,2007/03/17,2011/04/23,ベガルタ仙台
関 憲太郎,21,,,GK,1986/03/09,178,78,群馬県,日本,神流小－北中－前橋育英高－国見高－明治大－ベガルタ仙台－横浜ＦＣ－ベガルタ仙台－横浜ＦＣ－ベガルタ仙台－横浜ＦＣ,85/59/0,,2010/09/12,,ベガルタ仙台
川浪 吾郎,22,,,GK,1991/04/30,192,84,茨城県,日本,手代木ＳＣ－柏レイソルＵ－１５－柏レイソルＵ－１８－柏レイソル－ＦＣ岐阜－柏レイソル－徳島ヴォルティス－柏レイソル－徳島ヴォルティス－アルビレックス新潟,7/10/0,,2011/10/15,,ベガルタ仙台
シマオ マテ,23,,,DF,1988/06/23,180,78,モザンビーク,モザンビーク,パナシナイコスＦＣ／ギリシャ－山東魯能／中国－レバンテＵＤ／スペイン－アル　アハリ／カタール,25/0/0,4/0/0,2019/03/02,2019/03/10,ベガルタ仙台
小畑 裕馬,24,ホームグロウン,,GK,2001/11/07,183,79,宮城県,日本,アバンツァーレ仙台ＳＣ－ベガルタ仙台Ｊｒユース－ベガルタ仙台ユース,,,,,ベガルタ仙台
浜崎 拓磨,26,,,DF,1993/02/17,175,70,大阪府,日本,摂津ＳＳ－摂津第三中－大阪学院大高－大阪学院大－ＦＣ大阪－水戸ホーリーホック,0/37/0,0/1/0,2017/04/29,2019/10/14,ベガルタ仙台
ヤクブ スウォビィク,27,,,GK,1991/08/31,190,82,ポーランド,ポーランド,スパルタザモツリー／ポーランド－スパルタ・オボルニキ／ポーランド－ヤギエロニア・ビャウィス／ポーランド－ヴァルタ・ポズナン／ポーランド－ヤギエロニア・ビャウィス／ポーランド－ポゴンシュチェチン／ポーランド－シロンスク・ヴロツワフ／ポーランド,16/0/0,,2019/07/20,,ベガルタ仙台
佐々木 匠,28,ホームグロウン,,MF,1998/03/30,166,59,宮城県,日本,ベガルタ仙台ジュニア－ベガルタ仙台Ｊｒユース－ベガルタ仙台ユース－ベガルタ仙台－徳島ヴォルティス－ベガルタ仙台－カマタマーレ讃岐－ベガルタ仙台－レノファ山口ＦＣ,8/64/0,0/7/0,2016/07/09,2018/04/15,ベガルタ仙台
アレクサンドレ ゲデス,29,,,FW,1994/02/11,185,83,ポルトガル,ポルトガル,スポルティングＣＰ　B／ポルトガル－ＣＦレウス　デポルティウ／スペイン－デポルティーボ　アベス／ポルトガル－ヴィトーリア　ギマランエ／ポルトガル,,,,,ベガルタ仙台
田中 渉,30,,,MF,2000/09/23,169,59,群馬県,日本,ＦＣ尾島ジュニア－前橋ＳＣＪｒユース－桐生第一高,1/0/0,,2019/12/07,,ベガルタ仙台
照山 颯人,31,,,DF,2000/08/28,182,70,千葉県,日本,柏レイソルＡ．Ａ．ＴＯＲ’８２－柏レイソルＵ－１５－成立学園高,,,,,ベガルタ仙台
柳 貴博,36,,,DF,1997/08/05,185,80,東京都,日本,五本木ＦＣ－ＦＣ東京Ｕ－１５深川－ＦＣ東京Ｕ－１８－ＦＣ東京－モンテディオ山形－ＦＣ東京,5/28/63,0/2/1,2016/03/13,2018/05/26,ベガルタ仙台
中原 彰吾,37,,,MF,1994/05/19,177,68,北海道,日本,コンサドーレ札幌Ｕ－１２－コンサドーレ札幌Ｕ－１５－コンサドーレ札幌Ｕ－１８－コンサドーレ札幌－コンケーンＦＣ／タイ－北海道コンサドーレ札幌－ガンバ大阪－北海道コンサドーレ札幌－Ｖ・ファーレン長崎－北海道コンサドーレ札幌,19/34/27,2/1/2,2013/04/17,2014/04/13,ベガルタ仙台
金 正也,39,,,DF,1988/05/17,183,74,兵庫県,日本,フレスカテルツァ－神戸科学技術高－駒澤大－ガンバ大阪－サガン鳥栖－ガンバ大阪,104/0/2,4/0/0,2011/03/05,2016/03/19,ベガルタ仙台
山田 寛人,42,,,FW,2000/03/07,183,76,愛知県,日本,愛知ＦＣ－ホペイロ刈谷－セレッソ大阪Ｕ－１８－セレッソ大阪－ＦＣ琉球－セレッソ大阪,1/10/39,0/2/10,2016/10/22,2018/03/25,ベガルタ仙台
アピアタウィア 久,,,,DF,1998/10/18,191,82,愛知県,日本,愛知ＦＣ　Ｕ－１２－愛知ＦＣ　Ｕ－１５－東邦高－流通経済大在学中,,,,,ベガルタ仙台
鈴木 史哉,,（２種）,,MF,2002/04/18,163,58,宮城県,日本,ベガルタ仙台Ｊｒユース,,,,,ベガルタ仙台
真瀬 拓海,,,,DF,1998/05/03,175,70,千葉県,日本,南市川ＪＦＣ－ＪＳＣ　ＣＨＩＢＡ－市立船橋高－阪南大在学中,,,,,ベガルタ仙台
吉田 騎,,（２種）,,FW,2002/09/07,171,72,宮城県,日本,仙台ＦＣ　ＡＲＤＯＲＥ　Ｊｒユース,,,,,ベガルタ仙台
クォン スンテ,1,,,GK,1984/09/11,184,85,大韓民国,大韓民国,全州大／大韓民国－全北現代モータース／大韓民国－尚州尚武／大韓民国－全北現代モータース／大韓民国,70/0/0,,2017/02/25,,鹿島アントラーズ
内田 篤人,2,ホームグロウン,,DF,1988/03/27,176,67,静岡県,日本,函南ＳＳＳ－函南中－清水東高－鹿島アントラーズ－ＦＣシャルケ０４／ドイツ－１．ＦＣ　ウニオンベルリン／ドイツ,146/0/0,3/0/0,2006/03/05,2006/03/21,鹿島アントラーズ
奈良 竜樹,3,,,DF,1993/09/19,180,74,北海道,日本,北見ブルーサンダース－北見小泉中－コンサドーレ札幌Ｕ－１８－コンサドーレ札幌－ＦＣ東京－コンサドーレ札幌－川崎フロンターレ,93/81/7,3/0/1,2011/10/26,2012/11/17,鹿島アントラーズ
レオ シルバ,4,,,MF,1985/12/24,181,76,ブラジル,ブラジル,クルゼイロ／ブラジル－イパチンガＦＣ／ブラジル－クルゼイロ／ブラジル－ボタフォゴ／ブラジル－グアラチンゲタ／ブラジル－ポルトゲーザ／ブラジル－アルビレックス新潟,197/0/0,23/0/0,2013/03/02,2013/05/18,鹿島アントラーズ
杉岡 大暉,5,,,DF,1998/09/08,182,75,東京都,日本,レジスタＦＣ－ＦＣ東京Ｕ－１５深川－市立船橋高－湘南ベルマーレ,58/37/0,3/3/0,2017/02/26,2017/03/04,鹿島アントラーズ
永木 亮太,6,,,MF,1988/06/04,173,72,神奈川県,日本,ヴェルディジュニア－ＦＣ奈良－川崎フロンターレＵ－１５－川崎フロンターレＵ－１８－中央大－湘南ベルマーレ,186/108/0,9/12/0,2010/07/14,2011/05/15,鹿島アントラーズ
ファン アラーノ,7,,,MF,1996/09/02,172,69,ブラジル,ブラジル,ＳＣインテルナショナル／ブラジル－コリチーバＦＣ／ブラジル,1/0/0,,2020/02/23,,鹿島アントラーズ
土居 聖真,8,ホームグロウン,,MF,1992/05/21,172,63,山形県,日本,ＯＳＡフォルトナ山形ＦＣ－鹿島アントラーズＪｒユース－鹿島アントラーズユース,208/0/0,37/0/0,2011/11/26,2013/09/21,鹿島アントラーズ
エヴェラウド,9,,,FW,1991/07/05,181,80,ブラジル,ブラジル,グレミオＦＢＰＡ／ブラジル－カシアス　ド　スル／ブラジル－ＣＳアラゴアーノ／ブラジル－フィゲレンセＦＣ／ブラジル－パイサンドゥＳＣ／ブラジル－ＥＣアグア　サンタ／ブラジル－サンタクルスＦＣ／ブラジル－アル　ファイサリー／サウジアラビア－ノボリゾンチーノ／ブラジル－アトレチコ　ゴイアニエンセ／ブラジル－ケレタロＦＣ／メキシコ－シャペコエンセＳＣ／ブラジル,1/0/0,,2020/02/23,,鹿島アントラーズ
和泉 竜司,11,,,MF,1993/11/06,173,72,三重県,日本,ＦＣ四日市－市立船橋高－明治大－名古屋グランパス,78/39/0,9/1/0,2016/04/10,2016/05/04,鹿島アントラーズ
永戸 勝也,14,,,DF,1995/01/15,173,73,千葉県,日本,中志津ＳＣ－Ｐ．Ｂ．Ｊ千葉Ｊｒユース－八千代高－法政大－ベガルタ仙台,77/0/0,2/0/0,2017/02/25,2019/04/28,鹿島アントラーズ
伊藤 翔,15,,,FW,1988/07/24,184,76,愛知県,日本,ＦＣ　ＦＥＲＶＯＲ愛知－中京大付属中京高－グルノーブルフット３８／フランス－清水エスパルス－横浜Ｆ・マリノス,209/0/0,44/0/0,2010/10/16,2011/12/03,鹿島アントラーズ
山本 脩斗,16,,,DF,1985/06/01,180,69,岩手県,日本,盛岡商高－早稲田大－ジュビロ磐田,235/0/0,12/0/0,2008/08/09,2011/08/14,鹿島アントラーズ
ブエノ,17,,,DF,1995/08/24,182,79,ブラジル,ブラジル,ルイス　アントニオＦＣ／ブラジル－オレ　ブラジルＦＣ／ブラジル－ルイス　アントニオＦＣ／ブラジル－ボタフォゴＦＣ／ブラジル－千葉国際高－清水エスパルス－ヴィッセル神戸－清水エスパルス－鹿島アントラーズ－徳島ヴォルティス,42/15/0,2/1/0,2014/09/13,2015/05/23,鹿島アントラーズ
染野 唯月,19,ホームグロウン,,FW,2001/09/12,179,67,茨城県,日本,鹿島アントラーズつくばＪｒユース－尚志高,,,,,鹿島アントラーズ
三竿 健斗,20,,,MF,1996/04/16,181,73,東京都,日本,横河武蔵野ＦＣジュニア－東京ヴェルディジュニア－東京ヴェルディＪｒユース－東京ヴェルディユース－東京ヴェルディ,85/39/0,1/0/0,2015/03/08,2017/10/29,鹿島アントラーズ
曽ヶ端 準,21,ホームグロウン,,GK,1979/08/02,187,80,茨城県,日本,波野小－鹿島中－鹿島アントラーズユース,532/0/0,,1999/05/08,,鹿島アントラーズ
広瀬 陸斗,22,,,DF,1995/09/23,176,68,埼玉県,日本,土合サッカースポーツ少年団－浦和レッズＪｒユース－浦和レッズユース－水戸ホーリーホック－徳島ヴォルティス－横浜Ｆ・マリノス,21/128/0,1/4/0,2014/03/02,2015/06/14,鹿島アントラーズ
伊東 幸敏,24,ホームグロウン,,DF,1993/09/03,176,68,静岡県,日本,静岡学園中－静岡学園高,76/0/4,,2013/10/05,,鹿島アントラーズ
遠藤 康,25,ホームグロウン,,MF,1988/04/07,168,69,宮城県,日本,なかのＦＣ－塩釜ＦＣＪｒユース－塩釜ＦＣユース,254/0/0,44/0/0,2007/04/07,2010/03/27,鹿島アントラーズ
荒木 遼太郎,26,,,MF,2002/01/29,170,60,熊本県,日本,ロアッソ熊本Ｊｒユース－東福岡高,1/0/0,,2020/02/23,,鹿島アントラーズ
松村 優太,27,,,MF,2001/04/13,173,63,大阪府,日本,大阪東淀川ＦＣ－静岡学園高,,,,,鹿島アントラーズ
町田 浩樹,28,ホームグロウン,,DF,1997/08/25,190,80,茨城県,日本,鹿島アントラーズつくばＪｒユース－鹿島アントラーズユース,33/0/0,3/0/0,2017/05/14,2018/07/28,鹿島アントラーズ
名古 新太郎,30,,,MF,1996/04/17,168,64,大阪府,日本,大阪東淀川ＦＣ－静岡学園高－順天堂大,17/0/0,,2018/08/11,,鹿島アントラーズ
沖 悠哉,31,ホームグロウン,,GK,1999/08/22,184,82,茨城県,日本,鹿島アントラーズＪｒユース－鹿島アントラーズユース,,,,,鹿島アントラーズ
関川 郁万,33,,,DF,2000/09/13,182,72,東京都,日本,ＦＣ多摩－流通経済大付属柏高,1/0/0,,2020/02/23,,鹿島アントラーズ
佐々木 翔悟,35,ホームグロウン,,DF,2000/07/25,183,75,茨城県,日本,鹿島アントラーズつくばＪｒユース－鹿島アントラーズユース,,,,,鹿島アントラーズ
上田 綺世,36,ホームグロウン,,FW,1998/08/28,182,76,茨城県,日本,鹿島アントラーズノルテＪｒユース－鹿島学園高－法政大,14/0/0,4/0/0,2019/07/31,2019/08/10,鹿島アントラーズ
小泉 慶,37,,,MF,1995/04/19,173,70,東京都,日本,柏ラッセルＦＣ－横浜Ｆ・マリノスプライマリー－横浜Ｆ・マリノスＪｒユース－流通経済大付属柏高－アルビレックス新潟－柏レイソル,144/1/1,5/0/0,2014/03/29,2015/07/11,鹿島アントラーズ
山田 大樹,38,ホームグロウン,,GK,2002/01/08,190,72,千葉県,日本,鹿島アントラーズＪｒユース－鹿島アントラーズユース,,,,,鹿島アントラーズ
犬飼 智也,39,,,DF,1993/05/12,182,77,静岡県,日本,東源台ＦＣ－清水エスパルスＪｒユース－清水エスパルスユース－清水エスパルス－松本山雅ＦＣ－清水エスパルス－松本山雅ＦＣ－清水エスパルス,88/89/0,3/10/0,2012/08/25,2013/08/18,鹿島アントラーズ
白崎 凌兵,41,,,MF,1993/05/18,181,70,東京都,日本,東京ＢＩＧスポーツクラブ－横河武蔵野ＦＣ－ＦＣ東京Ｕ－１５むさし－山梨学院大附属高－清水エスパルス－カターレ富山－清水エスパルス－カターレ富山－清水エスパルス,104/85/0,12/13/0,2012/03/10,2013/10/20,鹿島アントラーズ
西川 周作,1,,,GK,1986/06/18,183,81,大分県,日本,宇佐ＦＣＪｒユース－大分トリニータＵ－１５－大分トリニータＵ－１８－大分トリニータ－サンフレッチェ広島,457/0/0,,2005/07/02,,浦和レッズ
マウリシオ,2,,,DF,1992/02/06,183,82,ブラジル,ブラジル,グレミオ　オザスコ　アウダ／ブラジル－ＥＣペロタス／ブラジル－ＣＡペナポレンセ／ブラジル－ＣＡジュベントス／ブラジル－ポルティモネンセＳＣ／ポルトガル－ＦＣポルトＢ／ポルトガル－ＣＳマリティモ／ポルトガル,61/0/0,3/0/0,2017/08/19,2017/09/23,浦和レッズ
宇賀神 友弥,3,ホームグロウン,,MF,1988/03/23,172,71,埼玉県,日本,戸田南ＦＣ－浦和レッズＪｒユース－浦和レッズユース－流通経済大－クラブ　ドラゴンズ－流通経済大,255/0/0,15/0/0,2010/03/06,2010/07/28,浦和レッズ
鈴木 大輔,4,,,DF,1990/01/29,182,74,東京都,日本,仲良しスポーツ少年団－テイヘンズＦＣＪｒユース－星稜高－アルビレックス新潟－柏レイソル－ジムナスティック　タラゴナ／スペイン－柏レイソル,171/0/0,9/0/0,2010/05/01,2011/05/28,浦和レッズ
槙野 智章,5,,,DF,1987/05/11,182,77,広島県,日本,井口明神ＦＣ－サンフレッチェ広島Ｊｒユース－サンフレッチェ広島ユース－サンフレッチェ広島－１．ＦＣケルン／ドイツ,343/41/0,41/7/0,2006/12/02,2007/12/01,浦和レッズ
山中 亮輔,6,,,DF,1993/04/20,171,65,千葉県,日本,柏レイソルＵ－１２－柏レイソルＵ－１５－柏レイソルＵ－１８－柏レイソル－ジェフユナイテッド千葉－柏レイソル－横浜Ｆ・マリノス,112/23/4,6/3/0,2012/12/01,2014/03/09,浦和レッズ
長澤 和輝,7,,,MF,1991/12/16,172,68,千葉県,日本,ちはら台ＳＣ－三井千葉ＳＣ－八千代高－専修大－１．ＦＣケルン／ドイツ－浦和レッズ－ジェフユナイテッド千葉,65/41/0,6/4/0,2016/02/28,2016/02/28,浦和レッズ
エヴェルトン,8,,,MF,1992/12/01,181,73,ブラジル,ブラジル,フルミネンセ／ブラジル－アメリカＲＮ／ブラジル－アメリカＲＮ／ブラジル－デスポルチーヴォ・ブラジル／ブラジル－パウリスタ／ブラジル－マドゥレイラ／ブラジル－ポルティモネンセＳＣ／ポルトガル－ＦＣポルト／ポルトガル－ポルティモネンセＳＣ／ポルトガル,22/0/0,2/0/0,2019/02/23,2019/04/14,浦和レッズ
武藤 雄樹,9,,,FW,1988/11/07,170,68,神奈川県,日本,ＦＣシリウス－ＦＣ湘南Ｊｒユース－武相高－流通経済大－ベガルタ仙台,222/0/0,45/0/0,2011/09/17,2011/10/15,浦和レッズ
柏木 陽介,10,,,MF,1987/12/15,176,73,兵庫県,日本,御津スポーツ少年団－御津中－サンフレッチェ広島ユース－サンフレッチェ広島,384/31/0,56/4/0,2006/07/22,2006/08/23,浦和レッズ
マルティノス,11,,,MF,1991/03/07,183,70,オランダ,オランダ,ＳＣヘーレンフェーン／オランダ－スパルタ　ロッテルダム／オランダ－フェレンツヴァーロシュ／ハンガリー－ＦＣエメン／オランダ－ＦＣボタシャニ／ルーマニア－横浜Ｆ・マリノス,81/0/0,10/0/0,2016/04/02,2016/04/02,浦和レッズ
ファブリシオ,12,,,FW,1990/03/28,183,78,ブラジル,ブラジル,ＳＣコリンチャンス／ブラジル－カピバリアーノＦＣ／ブラジル－イトゥアーノＦＣ／ブラジル－ジュべントゥージ／ブラジル－ボタフォゴＦＣ／ブラジル－ポルティモネンセＳＣ／ポルトガル－杭州緑城／中国－ポルティモネンセＳＣ／ポルトガル－鹿島アントラーズ－ポルティモネンセＳＣ／ポルトガル,31/0/0,9/0/0,2016/08/14,2016/08/27,浦和レッズ
伊藤 涼太郎,13,,,MF,1998/02/06,174,66,大阪府,日本,ＡＶＡＮＴＩ　ＫＡＮＳＡＩ　ＦＣ－セレッソ大阪Ｕ－１５－作陽高－浦和レッズ－水戸ホーリーホック－浦和レッズ－水戸ホーリーホック－浦和レッズ－大分トリニータ,5/40/0,0/9/0,2016/04/29,2018/03/11,浦和レッズ
杉本 健勇,14,,,FW,1992/11/18,187,79,大阪府,日本,ＦＣルイラモスヴェジット－セレッソ大阪Ｕ－１５－セレッソ大阪Ｕ－１８－セレッソ大阪－東京ヴェルディ－セレッソ大阪－川崎フロンターレ－セレッソ大阪,198/59/0,46/19/0,2011/07/23,2011/08/24,浦和レッズ
青木 拓矢,16,,,MF,1989/09/16,179,77,群馬県,日本,高崎西ＦＣ－ＦＣホリコシ－ＦＣ前橋Ｊｒユース－前橋育英高－大宮アルディージャ,269/0/0,14/0/0,2008/10/01,2011/06/18,浦和レッズ
トーマス デン,20,,,DF,1997/03/20,182,73,ケニア,オーストラリア,メルボルンビクトリー／オーストラリア－ＰＳＶⅡ／オランダ－メルボルンビクトリー／オーストラリア,,,,,浦和レッズ
阿部 勇樹,22,,,MF,1981/09/06,178,77,千葉県,日本,富美浜ＦＣ－市川ＦＣ－ジェフユナイテッド市原Ｊｒユース－ジェフユナイテッド市原ユース－ジェフユナイテッド千葉－浦和レッズ－レスターシティＦＣ／イングランド,574/0/0,72/0/0,1998/08/05,1999/04/10,浦和レッズ
汰木 康也,24,,,MF,1995/07/03,183,70,神奈川県,日本,原ＦＣ－横浜Ｆ・マリノスプライマリー－横浜Ｆ・マリノスＪｒユース－横浜Ｆ・マリノスユース－モンテディオ山形,10/91/18,0/6/1,2014/03/02,2015/10/25,浦和レッズ
福島 春樹,25,,,GK,1993/04/08,183,78,愛知県,日本,瀬戸ＮＦＣ－カワムラＦＣ－静岡学園高－専修大－浦和レッズ－ガイナーレ鳥取,1/0/14,,2016/07/03,,浦和レッズ
荻原 拓也,26,ホームグロウン,,DF,1999/11/23,175,69,埼玉県,日本,1FC川越水上公園－浦和レッズＪｒユース－浦和レッズユース,12/0/0,,2018/03/18,,浦和レッズ
橋岡 大樹,27,ホームグロウン,,DF,1999/05/17,182,73,埼玉県,日本,浦和大久保サッカー少年団－浦和レッズＪｒユース－浦和レッズユース,44/0/0,3/0/0,2018/04/11,2018/10/07,浦和レッズ
岩武 克弥,28,,,DF,1996/06/04,173,70,大分県,日本,カティオーラＦＣジュニア－カティオーラＦＣジュニアユース－大分トリニータＵ－１８－明治大,3/10/0,,2014/03/30,,浦和レッズ
柴戸 海,29,,,MF,1995/11/24,180,70,神奈川県,日本,いぶき野ＦＣヘリオス－町田ＪＦＣ－市立船橋高－明治大,30/0/0,1/0/0,2018/04/11,2018/12/01,浦和レッズ
興梠 慎三,30,,,FW,1986/07/31,175,72,宮崎県,日本,宮崎東ＳＳＳ－東大宮中－鵬翔高－鹿島アントラーズ,410/0/0,148/0/0,2005/04/16,2007/06/09,浦和レッズ
岩波 拓也,31,,,DF,1994/06/18,186,72,兵庫県,日本,須磨ＳＣ－神戸ＦＣ－ヴィッセル神戸Ｊｒユース－ヴィッセル神戸Ｕ－１８－ヴィッセル神戸,154/37/1,7/2/0,2012/10/20,2013/05/19,浦和レッズ
石井 僚,32,ホームグロウン,,GK,2000/07/11,191,84,群馬県,日本,高崎北ＳＣ－上州ＦＣ高崎－浦和レッズユース,,,,,浦和レッズ
大久保 智明,35,,,MF,1998/07/23,170,62,東京都,日本,ビートルイレブン－東京ヴェルディジュニア－東京ヴェルディＪｒユース－東京ヴェルディユース－中央大学在学中,,,,,浦和レッズ
鈴木 彩艶,36,（２種）,,GK,2002/08/21,189,91,アメリカ合衆国,日本,浦和レッズジュニア－浦和レッズＪｒユース,,,,,浦和レッズ
武田 英寿,37,,,MF,2001/09/15,178,68,宮城県,日本,なかのＦＣ－ベガルタ仙台ジュニア－なかのＦＣ－青森山田中－青森山田高,,,,,浦和レッズ
武富 孝介,39,,,MF,1990/09/23,173,69,埼玉県,日本,三室少年団－柏レイソルＵ－１５－柏レイソルＵ－１８－柏レイソル－モジミリンＥＣ／ブラジル－柏レイソル－ロアッソ熊本－柏レイソル－ロアッソ熊本－柏レイソル－湘南ベルマーレ－柏レイソル－湘南ベルマーレ－柏レイソル－浦和レッズ－湘南ベルマーレ,127/110/0,22/25/0,2010/05/16,2010/05/16,浦和レッズ
関根 貴大,41,ホームグロウン,,MF,1995/04/19,167,61,埼玉県,日本,ＦＣ鶴ヶ島サッカー少年団－浦和レッズＪｒユース－浦和レッズユース－浦和レッズ－インゴルシュタット０４／ドイツ－シント＝トロイデン／ベルギー,124/0/0,15/0/0,2014/03/23,2014/05/17,浦和レッズ
レオナルド,45,,,FW,1997/05/28,180,77,ブラジル,ブラジル,サントスＦＣ／ブラジル－ガイナーレ鳥取－アルビレックス新潟,1/38/31,1/28/24,2018/03/11,2018/03/11,浦和レッズ
桐畑 和繁,1,ホームグロウン,,GK,1987/06/30,187,77,山梨県,日本,柏ラッセルＦＣ－柏レイソルＵ－１８,48/3/0,,2010/07/25,,柏レイソル
鎌田 次郎,2,,,DF,1985/07/28,179,76,東京都,日本,下丸子シューターズＦＣ－東京ガスＦＣＪｒユース－ＦＣ東京Ｕ－１８－流通経済大－柏レイソル－ベガルタ仙台,263/42/0,10/4/0,2006/05/14,2008/03/30,柏レイソル
高橋 祐治,3,,,DF,1993/04/11,187,80,滋賀県,日本,京都紫光ＳＣ－京都サンガF.C.Ｕ－１５－京都サンガF.C.Ｕ－１８－京都サンガF.C.－ブリスベン　ロアー／オーストラリア－京都サンガF.C.－カマタマーレ讃岐－京都サンガF.C.－サガン鳥栖,60/71/11,1/1/1,2014/03/09,2014/07/20,柏レイソル
古賀 太陽,4,ホームグロウン,,DF,1998/10/28,182,71,新潟県,日本,舞浜ＦＣファルコンズ－柏レイソルＵ－１２－柏レイソルＵ－１５－柏レイソルＵ－１８－柏レイソル－アビスパ福岡,10/58/0,0/2/0,2017/03/05,2019/04/03,柏レイソル
小林 祐介,5,ホームグロウン,,MF,1994/10/23,172,65,埼玉県,日本,尾間木サッカースポーツ少年団－柏レイソルＵ－１５－柏レイソルＵ－１８－柏レイソル－湘南ベルマーレ,61/16/4,1/0/0,2014/03/09,2017/03/05,柏レイソル
高橋 峻希,6,,,DF,1990/05/04,170,70,埼玉県,日本,朝霞三原ＦＣ－浦和レッズＪｒユース－浦和レッズユース－浦和レッズ－ジェフユナイテッド千葉－浦和レッズ－ジェフユナイテッド千葉－ヴィッセル神戸,170/56/0,7/1/0,2009/05/10,2009/10/03,柏レイソル
大谷 秀和,7,ホームグロウン,,MF,1984/11/06,174,67,千葉県,日本,柏レイソルＪｒユース－柏レイソルユース,351/94/0,17/3/0,2003/03/22,2004/10/17,柏レイソル
ヒシャルジソン,8,,,MF,1991/08/17,174,74,ブラジル,ブラジル,アメリカＦＣ／ブラジル－バラウナス／ブラジル－コンフィアンサ／ブラジル－トレーゼ／ブラジル－オペラリオＥＣ／ブラジル－コンフィアンサ／ブラジル－セアラーＳＣ／ブラジル,1/35/0,0/1/0,2019/02/24,2019/11/09,柏レイソル
クリスティアーノ,9,,,FW,1987/01/12,183,83,ブラジル,ブラジル,マルシリオ　ディアス／ブラジル－リオ　クラーロ／ブラジル－メトロポリターノ／ブラジル－シャペコエンセ／ブラジル－メトロポリターノ／ブラジル－ジュベントゥージ／ブラジル－ザルツブルグ／オーストリア－栃木ＳＣ－ヴァンフォーレ甲府－柏レイソル－ヴァンフォーレ甲府,168/79/0,55/35/0,2013/03/03,2013/04/21,柏レイソル
江坂 任,10,,,MF,1992/05/31,175,67,兵庫県,日本,ウッディＳＣ－ゆりのき台中－神戸弘陵高－流通経済大－ザスパクサツ群馬－大宮アルディージャ,99/80/0,26/24/0,2015/03/08,2015/03/15,柏レイソル
山崎 亮平,11,,,FW,1989/03/14,173,76,千葉県,日本,ＪＯＧＯ　ＵＮＩＴＥＤ－ＦＣ千葉なのはなＪｒユース－八千代高－ジュビロ磐田－アルビレックス新潟,185/41/0,19/8/0,2008/03/30,2011/05/07,柏レイソル
北爪 健吾,13,,,DF,1992/04/30,177,74,群馬県,日本,粕川コリエンテジュニア－前橋エコーＪｒユース－前橋育英高－専修大－ジェフユナイテッド千葉－横浜ＦＣ,0/124/0,0/6/0,2015/04/05,2018/04/28,柏レイソル
オルンガ,14,,,FW,1994/03/26,193,85,ケニア,ケニア,リバティ　スポーツ　アカデミ／ケニア－タスカー／ケニア－ティーカ　ユナイテッド／ケニア－ゴール　マヒア／ケニア－ユールゴーデンズ／スウェーデン－貴州智誠／中国－ジローナＦＣ／スペイン,11/30/0,5/27/0,2018/08/19,2018/08/25,柏レイソル
染谷 悠太,15,,,DF,1986/09/30,184,79,東京都,日本,ＦＣ東京Ｕ－１５－ＦＣ東京Ｕ－１８－流通経済大－京都サンガF.C.－セレッソ大阪－京都サンガF.C.,44/223/0,1/4/0,2009/03/22,2009/06/27,柏レイソル
滝本 晴彦,16,ホームグロウン,,GK,1997/05/20,190,83,茨城県,日本,柏レイソルＵ－１５－柏レイソルＵ－１８,1/0/0,,2020/02/22,,柏レイソル
キム スンギュ,17,,,GK,1990/09/30,187,84,大韓民国,大韓民国,チョナ小／大韓民国－ヒョンデ中／大韓民国－ヒョンデ高／大韓民国－蔚山現代ＦＣ／大韓民国－ヴィッセル神戸－蔚山現代ＦＣ／大韓民国,108/0/0,,2016/02/27,,柏レイソル
瀬川 祐輔,18,,,FW,1994/02/07,170,67,東京都,日本,日大二高－明治大－ザスパクサツ群馬－大宮アルディージャ,42/82/0,11/21/0,2016/02/28,2016/02/28,柏レイソル
呉屋 大翔,19,,,FW,1994/01/02,177,68,大阪府,日本,ケヤキＦＣ－ヴィッセル神戸Ｊｒユース－流通経済大付属柏高－関西学院大－ガンバ大阪－徳島ヴォルティス－ガンバ大阪－Ｖ・ファーレン長崎－ガンバ大阪,23/43/13,2/23/7,2016/03/06,2016/03/20,柏レイソル
三丸 拡,20,,,DF,1993/07/06,172,69,栃木県,日本,大谷北ＦＣ－小山第三中－真岡高－筑波大－サガン鳥栖,44/0/0,,2016/04/02,,柏レイソル
マテウス サヴィオ,22,,,MF,1997/04/15,175,74,ブラジル,ブラジル,ＣＲフラメンゴ／ブラジル－エストリール／ポルトガル－ＣＲフラメンゴ／ブラジル－ＣＳＡ／ブラジル－柏レイソル－ＣＲフラメンゴ／ブラジル,0/19/0,0/7/0,2019/07/27,2019/07/31,柏レイソル
中村 航輔,23,ホームグロウン,,GK,1995/02/27,185,82,東京都,日本,柏レイソルＵ－１２－柏レイソルＵ－１５－柏レイソルＵ－１８－柏レイソル－アビスパ福岡,79/61/3,,2014/05/11,,柏レイソル
川口 尚紀,24,,,DF,1994/05/24,177,72,新潟県,日本,希望が丘ＳＣスポーツ少年団－長岡ビルボードＦＣＪｒユース－アルビレックス新潟ユース－アルビレックス新潟－清水エスパルス－アルビレックス新潟－柏レイソル－アルビレックス新潟,68/63/7,0/2/0,2013/04/27,2016/07/24,柏レイソル
大南 拓磨,25,,,DF,1997/12/13,184,76,愛知県,日本,名古屋ＦＣＵ－１５－鹿児島実業高－ジュビロ磐田,28/0/0,,2018/03/18,,柏レイソル
三原 雅俊,27,,,MF,1988/08/02,175,69,熊本県,日本,ブレイズ熊本キッカーズ－ブレイズ熊本ジュニア－ルーテル学院中－ルーテル学院高－ヴィッセル神戸－ツエーゲン金沢－ヴィッセル神戸－Ｖ・ファーレン長崎－ヴィッセル神戸－柏レイソル－ヴィッセル神戸,151/54/0,6/2/0,2006/08/12,2010/08/08,柏レイソル
戸嶋 祥郎,28,,,MF,1995/09/26,170,66,埼玉県,日本,市立浦和高－筑波大－アルビレックス新潟,0/66/0,0/3/0,2018/03/25,2018/09/08,柏レイソル
ジュニオール サントス,31,,,FW,1994/10/11,188,85,ブラジル,ブラジル,オズヴァウドクルス／ブラジル－イトゥアーノＦＣ／ブラジル－ＡＡポンチプレッタ／ブラジル－フォルタレーザＥＣ／ブラジル,0/8/0,,2019/07/20,,柏レイソル
仲間 隼斗,33,ホームグロウン,,MF,1992/05/16,170,64,群馬県,日本,吾妻ジュニア－柏レイソルＵ－１５－柏レイソルＵ－１８－ロアッソ熊本－カマタマーレ讃岐－ロアッソ熊本－カマタマーレ讃岐－ファジアーノ岡山,0/295/0,0/46/0,2011/03/06,2011/04/23,柏レイソル
細谷 真大,35,ホームグロウン,,FW,2001/09/07,177,69,茨城県,日本,柏レイソルＡ．Ａ．ＴＯＲ’８２－柏レイソルＵ－１５－柏レイソルＵ－１８,0/6/0,,2019/03/30,,柏レイソル
山田 雄士,36,ホームグロウン,,MF,2000/05/17,169,63,千葉県,日本,ＦＣ高津－柏レイソルＵ－１５－柏レイソルＵ－１８,,,,,柏レイソル
鵜木 郁哉,37,ホームグロウン,,FW,2001/07/04,167,67,神奈川県,日本,ＦＣ佐倉－柏レイソルＵ－１２－柏レイソルＵ－１５－柏レイソルＵ－１８,,,,,柏レイソル
神谷 優太,39,,,FW,1997/04/24,176,67,山形県,日本,ＯＳＡフォルトナ山形－ＳＦＣジェラーレ－東京ヴェルディジュニア－東京ヴェルディＪｒユース－東京ヴェルディユース－青森山田高－湘南ベルマーレ－愛媛ＦＣ－湘南ベルマーレ－愛媛ＦＣ－湘南ベルマーレ,15/73/0,0/13/0,2016/03/20,2018/04/15,柏レイソル
佐々木 雅士,41,（２種）,,GK,2002/05/01,184,75,千葉県,日本,常盤平少年ＳＣ－柏レイソルＵ－１２－柏レイソルＵ－１５,,,,,柏レイソル
松本 健太,46,ホームグロウン,,GK,1997/05/04,185,81,千葉県,日本,柏イーグルスＴＯＲ８２－柏レイソルＵ－１５－柏レイソルＵ－１８－東洋大,,,,,柏レイソル
山下 達也,50,,,DF,1987/11/07,182,73,兵庫県,日本,大蔵中－御影工高－セレッソ大阪－コンサドーレ札幌－セレッソ大阪,125/144/0,7/3/0,2007/04/07,2013/07/17,柏レイソル
児玉 剛,1,,,GK,1987/12/28,183,83,大阪府,日本,ガンバ大阪ジュニア－吹田クラブ－京都パープルサンガユース－関西大－京都サンガF.C.－愛媛ＦＣ－モンテディオ山形,0/179/6,,2014/03/02,,ＦＣ東京
室屋 成,2,,,DF,1994/04/05,176,70,大阪府,日本,ゼッセル熊取ＦＣ－青森山田高－明治大,99/0/5,1/0/0,2016/06/12,2018/04/11,ＦＣ東京
森重 真人,3,,,DF,1987/05/21,183,79,広島県,日本,高陽ＦＣ－サンフレッチェ広島Ｊｒユース－広島皆実高－大分トリニータ,348/37/0,28/6/0,2006/03/12,2007/12/01,ＦＣ東京
渡辺 剛,4,ホームグロウン,,DF,1997/02/05,186,78,埼玉県,日本,大袋ＦＣ－ＦＣ東京Ｕ－１５深川－山梨学院大附属高－中央大,21/0/6,2/0/0,2018/07/21,2019/08/24,ＦＣ東京
丹羽 大輝,5,,,DF,1986/01/16,181,74,大阪府,日本,南花台ＦＣ－ガンバ大阪堺Ｊｒユース－ガンバ大阪ユース－ガンバ大阪－徳島ヴォルティス－ガンバ大阪－大宮アルディージャ－ガンバ大阪－アビスパ福岡－ガンバ大阪－アビスパ福岡－ガンバ大阪－アビスパ福岡－ガンバ大阪－アビスパ福岡－ガンバ大阪－サンフレッチェ広島,156/149/18,2/6/0,2007/03/03,2007/05/20,ＦＣ東京
小川 諒也,6,ホームグロウン,,DF,1996/11/24,183,78,東京都,日本,コレーガＳＣ－Ｆｏｒｚａ’０２－流通経済大付属柏高,60/0/53,1/0/1,2015/03/21,2017/07/15,ＦＣ東京
三田 啓貴,7,ホームグロウン,,MF,1990/09/14,173,65,東京都,日本,バディＳＣ－ＦＣ東京Ｕ－１５深川－ＦＣ東京Ｕ－１８－明治大－ＦＣ東京－ベガルタ仙台－ＦＣ東京－ベガルタ仙台－ヴィッセル神戸,186/0/0,22/0/0,2012/08/18,2013/07/10,ＦＣ東京
髙萩 洋次郎,8,,,MF,1986/08/02,183,69,福島県,日本,植田中－サンフレッチェ広島ユース－サンフレッチェ広島－愛媛ＦＣ－サンフレッチェ広島－ウェスタンシドニーワ／オーストラリア－ＦＣソウル／大韓民国,282/86/0,25/17/0,2003/04/05,2004/08/21,ＦＣ東京
ディエゴ オリヴェイラ,9,,,FW,1990/06/22,179,78,ブラジル,ブラジル,パラナ　クルーベ／ブラジル－アルミサイマーＳＣ／カタール－ＥＣノロエスチ／ブラジル－水原三星ブルーウィングス／大韓民国－ＥＣバイーア／ブラジル－アウダックス　サンパウロ／ブラジル－ボアＥＣ／ブラジル－ＣＡリネンセ／ブラジル－ＡＡポンチプレッタ／ブラジル－ノボリゾンチーノ／ブラジル－柏レイソル－ＦＣ東京－柏レイソル,123/0/0,45/0/0,2016/02/27,2016/04/15,ＦＣ東京
東 慶悟,10,,,MF,1990/07/20,178,72,福岡県,日本,深町ＳＣ－若松中－大分トリニータＵ－１８－大分トリニータ－大宮アルディージャ,282/29/0,26/6/0,2009/04/04,2009/08/01,ＦＣ東京
永井 謙佑,11,,,FW,1989/03/05,178,71,広島県,日本,医生ヶ丘サッカー少年団－浅川中－九州国際大付属高－福岡大－名古屋グランパス－ＲＳリエージュ／ベルギー－名古屋グランパス,259/5/0,57/0/0,2009/05/30,2011/08/07,ＦＣ東京
波多野 豪,13,ホームグロウン,,GK,1998/05/25,198,97,東京都,日本,武蔵村山１ＦＣ－ＦＣ東京Ｕ－１５むさし－ＦＣ東京Ｕ－１８,0/0/51,,2016/05/29,,ＦＣ東京
アダイウトン,15,,,MF,1990/12/06,176,83,ブラジル,ブラジル,フォルタレーザ／ブラジル－ヴィトーリア／ブラジル－アトレチコ　パラナエンセ／ブラジル－イトゥアーノ／ブラジル－ジョインビレ／ブラジル－イトゥアーノ／ブラジル－ポンチプレッタ／ブラジル－パラナ／ブラジル－ジュビロ磐田,104/39/0,23/17/0,2015/03/08,2015/03/08,ＦＣ東京
ナ サンホ,17,,,MF,1996/08/12,173,70,大韓民国,大韓民国,檀国大学／大韓民国－光州ＦＣ／大韓民国,25/0/1,2/0/0,2019/02/23,2019/04/06,ＦＣ東京
橋本 拳人,18,ホームグロウン,,MF,1993/08/16,183,76,東京都,日本,フナトアミーゴＳＣ－ＦＣ東京Ｕ－１５深川－ＦＣ東京Ｕ－１８－ＦＣ東京－ロアッソ熊本－ＦＣ東京－ロアッソ熊本,129/60/5,14/0/1,2013/05/03,2015/06/07,ＦＣ東京
宮崎 幾笑,19,,,MF,1998/02/17,176,65,群馬県,日本,ザスパ草津Ｕ－１５－アルビレックス新潟Ｕ－１８－アルビレックス新潟－ツエーゲン金沢－アルビレックス新潟－ツエーゲン金沢－アルビレックス新潟,1/62/25,0/9/4,2015/11/07,2017/06/17,ＦＣ東京
レアンドロ,20,,,MF,1993/05/12,177,78,ブラジル,ブラジル,グレミオＦＢＰＡ／ブラジル－ＳＥパルメイラス／ブラジル－サントスＦＣ／ブラジル－コリチーバＦＣ／ブラジル－鹿島アントラーズ－ＳＥパルメイラス／ブラジル－鹿島アントラーズ,51/0/0,15/0/0,2017/04/08,2017/05/14,ＦＣ東京
中村 拓海,22,,,DF,2001/03/16,177,68,大分県,日本,大分トリニータＵ－１２－大分トリニータＵ－１５－東福岡高,0/0/21,,2019/03/16,,ＦＣ東京
矢島 輝一,23,ホームグロウン,,FW,1995/04/06,187,82,東京都,日本,ＦＣ東京Ｕ－１５むさし－ＦＣ東京Ｕ－１８－中央大,14/0/38,0/0/14,2016/03/13,2016/03/20,ＦＣ東京
原 大智,24,ホームグロウン,,FW,1999/05/05,191,84,東京都,日本,多摩平Ｊｒ．ＳＣ－ＦＣ東京Ｕ－１５むさし－ＦＣ東京Ｕ－１８,0/0/71,0/0/28,2017/03/12,2017/07/01,ＦＣ東京
田川 亨介,27,,,FW,1999/02/11,181,70,鹿児島県,日本,雲仙アルディート－サガン鳥栖Ｕ－１８－サガン鳥栖,59/0/6,7/0/2,2017/03/05,2017/04/08,ＦＣ東京
内田 宅哉,28,ホームグロウン,,MF,1998/06/02,177,70,千葉県,日本,ＪＳＣ　ＣＨＩＢＡ－ＦＣ東京Ｕ－１５深川－ＦＣ東京Ｕ－１８,3/0/73,0/0/4,2016/04/24,2016/10/23,ＦＣ東京
安部 柊斗,31,ホームグロウン,,MF,1997/12/05,171,67,東京都,日本,ＦＣ東京Ｕ－１５むさし－ＦＣ東京Ｕ－１８－明治大,1/0/4,,2019/06/08,,ＦＣ東京
ジョアン オマリ,32,,,DF,1988/08/19,187,82,レバノン,レバノン,ライニケンドルファーフックセ／ドイツ－ＳＶバーベルズブルグ／ドイツ－ロートヴァイス　エルフルト／ドイツ－ＦＳＶフランクフルト／ドイツ－シバシプール／トルコ－アル　ナスルＳＣ／アラブ首長国連邦－サガン鳥栖－アル　ナスルＳＣ／アラブ首長国連邦－ヴィッセル神戸,15/0/0,2/0/0,2018/08/26,2018/10/20,ＦＣ東京
林 彰洋,33,,,GK,1987/05/07,195,93,東京都,日本,柏レイソル青梅Ｊｒユース－流通経済大付属柏高－流通経済大－プリマスアーガイルＦＣ／イングランド－ＲＯＣシャルルロワ／ベルギー－清水エスパルス－サガン鳥栖－清水エスパルス－サガン鳥栖,237/0/0,,2012/03/10,,ＦＣ東京
チャヤトーン,34,,,MF,2000/03/12,172,60,タイ,タイ,バンコクユナイテッドＦＣ　Ｕ－／タイ－バンコクユナイテッドＦＣ　Ｕ－／タイ－バンコクユナイテッドＦＣ　Ｕ－／タイ－バンコクユナイテッドＦＣ／タイ,,,,,ＦＣ東京
鈴木 喜丈,35,ホームグロウン,,MF,1998/07/06,183,80,東京都,日本,関前ＳＣ－ＦＣ東京Ｕ－１５むさし－ＦＣ東京Ｕ－１８,0/0/61,,2016/03/13,,ＦＣ東京
中村 帆高,37,,,DF,1997/08/12,177,72,神奈川県,日本,横浜Ｆ・マリノスプライマリー追浜－横浜Ｆ・マリノスＪｒユース追浜－日大藤沢高－明治大,1/0/0,,2020/02/23,,ＦＣ東京
紺野 和也,38,,,MF,1997/07/11,161,58,埼玉県,日本,吉川ホワイトシャーク－Ｃ．Ａ．ＡＬＥＧＲＥ－武南高－法政大,1/0/4,,2019/03/23,,ＦＣ東京
平川 怜,40,ホームグロウン,,MF,2000/04/20,177,72,東京都,日本,上ノ原ＳＣ－ＦＣ東京Ｕ－１５むさし－ＦＣ東京Ｕ－１８－ＦＣ東京－鹿児島ユナイテッドＦＣ,3/7/53,0/0/3,2016/10/30,2017/11/11,ＦＣ東京
野澤 大志ブランドン,41,,,GK,2002/12/25,193,90,沖縄県,日本,長田ドラゴンＦＣ－ＦＣ琉球Ｕ－１５－ＦＣ東京Ｕ－１８,0/0/5,,2019/06/01,,ＦＣ東京
品田 愛斗,44,ホームグロウン,,MF,1999/09/19,180,66,埼玉県,日本,レジスタＦＣ－ＦＣ東京Ｕ－１５深川－ＦＣ東京Ｕ－１８,1/0/82,,2016/09/11,,ＦＣ東京
アルトゥール シルバ,45,,,MF,1995/04/26,181,80,ブラジル,ブラジル,ＥＣサンジョゼ／ブラジル－ＡＡインテルナシオナル ベ／ブラジル－ＣＡヴォトゥポランゲンセ／ブラジル－グレミオ　オザスコ　アウダ／ブラジル－ＥＣノヴォ アンブルゴ　Ｕ／ブラジル－ＣＮマルシリオ　ジアス／ブラジル,8/0/9,1/0/0,2019/03/10,2019/10/19,ＦＣ東京
木村 誠二,47,ホームグロウン,,DF,2001/08/24,186,80,千葉県,日本,市川ＦＣ－ＦＣ東京Ｕ－１５深川－ＦＣ東京Ｕ－１８,0/0/37,0/0/1,2018/03/11,2019/06/01,ＦＣ東京
バングーナガンデ 佳史扶,49,ホームグロウン,,DF,2001/09/24,176,74,東京都,日本,ＦＣアビリスタ－ＦＣ東京Ｕ－１５深川－ＦＣ東京Ｕ－１８,0/0/25,,2018/03/11,,ＦＣ東京
朴 一圭,1,,,GK,1989/12/22,180,76,埼玉県,大韓民国,東京朝鮮中高級学校－朝鮮大学校－藤枝ＭＹＦＣ－ＦＣ　ＫＯＲＥＡ－藤枝ＭＹＦＣ－ＦＣ琉球,26/0/147,,2014/03/09,,横浜Ｆ・マリノス
山本 義道,2,,,DF,1995/07/25,185,73,福岡県,日本,ＦＣ　ＮＥＯ－作陽高－びわこ成蹊スポーツ大－ツエーゲン金沢,0/53/0,0/4/0,2018/08/25,2018/09/15,横浜Ｆ・マリノス
ティーラトン,5,,,DF,1990/02/06,171,62,タイ,タイ,アスンプションカレッジ／タイ－ラパチャＦＣ／タイ－ブリーラム　ユナイテッドＦ．Ｃ／タイ－ムアントンユナイテッド／タイ－ヴィッセル神戸,54/0/0,3/0/0,2018/02/23,2019/08/31,横浜Ｆ・マリノス
扇原 貴宏,6,,,MF,1991/10/05,185,74,大阪府,日本,堺北ＦＣ－セレッソ大阪Ｕ－１５－セレッソ大阪Ｕ－１８－セレッソ大阪－名古屋グランパス,186/37/0,11/2/0,2011/08/17,2011/08/28,横浜Ｆ・マリノス
大津 祐樹,7,,,FW,1990/03/24,180,73,茨城県,日本,鹿島アントラーズノルテＪｒユース－成立学園高－柏レイソル－ボルシアＭＧ／ドイツ－ＶＶＶフェンロ／オランダ－柏レイソル,154/9/0,10/1/0,2008/03/09,2009/04/29,横浜Ｆ・マリノス
喜田 拓也,8,ホームグロウン,,MF,1994/08/23,170,64,神奈川県,日本,横浜Ｆ・マリノスプライマリー－横浜Ｆ・マリノスＪｒユース－横浜Ｆ・マリノスユース,132/0/10,2/0/1,2014/03/09,2014/06/08,横浜Ｆ・マリノス
マルコス ジュニオール,9,,,FW,1993/01/19,167,66,ブラジル,ブラジル,フルミネンセＦＣ／ブラジル－ＥＣヴィトーリア／ブラジル－フルミネンセＦＣ／ブラジル,34/0/0,16/0/0,2019/02/23,2019/03/10,横浜Ｆ・マリノス
遠藤 渓太,11,ホームグロウン,,MF,1997/11/22,175,66,神奈川県,日本,二俣川ＳＣ－横浜Ｆ・マリノスＪｒユース－横浜Ｆ・マリノスユース,98/0/0,11/0/0,2016/03/12,2017/09/30,横浜Ｆ・マリノス
チアゴ マルチンス,13,,,DF,1995/03/17,185,76,ブラジル,ブラジル,ＳＥパルメイラス／ブラジル－パイサンドゥＳＣ／ブラジル－ＳＥパルメイラス／ブラジル－ＥＣバイーア／ブラジル－ＳＥパルメイラス／ブラジル,47/0/0,,2018/08/19,,横浜Ｆ・マリノス
伊藤 槙人,15,,,DF,1992/10/18,183,76,静岡県,日本,浜松ＪＦＣ－ジュビロ浜松Ｊｒユース－浜名高－駒澤大－ジェフユナイテッド千葉－水戸ホーリーホック－藤枝ＭＹＦＣ－水戸ホーリーホック,4/75/15,0/1/1,2015/04/29,2017/10/15,横浜Ｆ・マリノス
高野 遼,16,ホームグロウン,,DF,1994/11/13,171,68,神奈川県,日本,柳橋ＳＣ－横浜Ｆ・マリノスプライマリー－横浜Ｆ・マリノスＪｒユース－横浜Ｆ・マリノスユース－日本体育大－横浜Ｆ・マリノス－ヴァンフォーレ甲府－横浜Ｆ・マリノス－ヴァンフォーレ甲府,14/34/0,1/0/0,2017/08/09,2017/10/29,横浜Ｆ・マリノス
エリキ,17,,,FW,1994/07/18,170,65,ブラジル,ブラジル,ゴイアスＥＣ／ブラジル－ＳＥパルメイラス／ブラジル－アトレチコ　ミネイロ／ブラジル－ボタフォゴＦＲ／ブラジル,13/0/0,8/0/0,2019/08/17,2019/08/24,横浜Ｆ・マリノス
水沼 宏太,18,ホームグロウン,,MF,1990/02/22,176,72,神奈川県,日本,あざみ野Ｆ．Ｃ．－横浜Ｆ・マリノスＪｒユース－横浜Ｆ・マリノスユース－横浜Ｆ・マリノス－栃木ＳＣ－横浜Ｆ・マリノス－栃木ＳＣ－横浜Ｆ・マリノス－サガン鳥栖－横浜Ｆ・マリノス－サガン鳥栖－ＦＣ東京－セレッソ大阪－ＦＣ東京－セレッソ大阪,252/50/9,32/7/3,2007/10/27,2010/11/28,横浜Ｆ・マリノス
實藤 友紀,19,,,DF,1989/01/19,179,72,徳島県,日本,昭和イレブン－徳島ＦＣリベリモ－富田中－城南高－高知大－川崎フロンターレ－アビスパ福岡,93/81/0,3/4/0,2011/06/25,2012/03/10,横浜Ｆ・マリノス
杉本 竜士,20,,,MF,1993/06/01,164,60,東京都,日本,府ロクＳＣ－東京ヴェルディＪｒユース－東京ヴェルディユース－東京ヴェルディ－ＦＣ町田ゼルビア－東京ヴェルディ－名古屋グランパス－徳島ヴォルティス,0/165/0,0/14/0,2011/05/14,2014/07/20,横浜Ｆ・マリノス
梶川 裕嗣,21,,,GK,1991/07/26,185,78,愛知県,日本,駒場ＳＣ－名古屋グランパスＵ１２－名古屋グランパスＵ１５－東海学園高－東海学園大－湘南ベルマーレ－徳島ヴォルティス－湘南ベルマーレ－徳島ヴォルティス,2/90/0,,2016/10/29,,横浜Ｆ・マリノス
仲川 輝人,23,,,FW,1992/07/27,161,57,神奈川県,日本,川崎フロンターレＵ－１５－川崎フロンターレＵ－１８－専修大－横浜Ｆ・マリノス－ＦＣ町田ゼルビア－横浜Ｆ・マリノス－アビスパ福岡,64/30/0,24/3/0,2015/09/12,2016/09/18,横浜Ｆ・マリノス
前 貴之,24,,,DF,1993/09/16,172,62,北海道,日本,コンサドーレ札幌ユース・Ｕ－１２－コンサドーレ札幌ユース・Ｕ－１５－コンサドーレ札幌Ｕ－１８－コンサドーレ札幌－カターレ富山－北海道コンサドーレ札幌－レノファ山口ＦＣ－北海道コンサドーレ札幌－レノファ山口ＦＣ,15/140/1,0/10/0,2011/09/24,2014/10/11,横浜Ｆ・マリノス
渡辺 皓太,26,,,MF,1998/10/18,165,61,神奈川県,日本,Ｆ．Ｆ．ＶＩＧＯＲＥ－東京ヴェルディジュニア－東京ヴェルディＪｒユース－東京ヴェルディユース－東京ヴェルディ,9/90/0,0/4/0,2016/05/03,2017/06/25,横浜Ｆ・マリノス
松原 健,27,,,DF,1993/02/16,180,77,大分県,日本,四日市南ＳＳＣ－ＦＣ中津－大分トリニータＵ－１８－大分トリニータ－アルビレックス新潟－大分トリニータ－アルビレックス新潟,126/29/1,3/0/0,2010/05/02,2017/05/27,横浜Ｆ・マリノス
池田 航,29,ホームグロウン,,DF,2001/07/04,177,70,神奈川県,日本,横須賀シーガルスジュニア－横浜Ｆ・マリノスプライマリー追浜－横浜Ｆ・マリノスジュニアユース追浜－横浜Ｆ・マリノスユース,,,,,横浜Ｆ・マリノス
エジガル ジュニオ,30,,,FW,1991/05/06,174,72,ブラジル,ブラジル,アトレチコ　パラナエンセ／ブラジル－ジョインビーレ　エスポルテ／ブラジル－アトレチコ　パラナエンセ／ブラジル－ジョインビーレ　エスポルテ／ブラジル－ＥＣバイーア／ブラジル,17/0/0,11/0/0,2019/02/23,2019/02/23,横浜Ｆ・マリノス
オビ パウエル オビンナ,31,,,GK,1997/12/18,193,85,埼玉県,日本,東大宮コスモスサッカースポーツ少年団－大宮アルディージャジュニア－ＪＦＡアカデミー福島Ｕ－１５－ＪＦＡアカデミー福島Ｕ－１８－流通経済大,,,,,横浜Ｆ・マリノス
和田 拓也,33,,,DF,1990/07/28,170,63,神奈川県,日本,明治サッカースポーツ少年団－ヴェルディＪｒユース－東京ヴェルディユース－東京ヴェルディ－ベガルタ仙台－大宮アルディージャ－サンフレッチェ広島－横浜Ｆ・マリノス－サンフレッチェ広島,122/108/0,2/2/0,2009/03/07,2015/07/08,横浜Ｆ・マリノス
中林 洋次,34,ホームグロウン,,GK,1986/04/28,182,73,神奈川県,日本,黒滝ＳＣ－横浜Ｆ・マリノスＪｒユース菅田－市立船橋高－サガン鳥栖－サンフレッチェ広島－サガン鳥栖－サンフレッチェ広島－サガン鳥栖－サンフレッチェ広島－ファジアーノ岡山－サンフレッチェ広島－横浜Ｆ・マリノス－サンフレッチェ広島,44/207/0,,2005/11/13,,横浜Ｆ・マリノス
仙頭 啓矢,41,,,MF,1994/12/29,170,62,大阪府,日本,ＦＣジョカーレ－ガンバ大阪門真ジュニア－ＦＣグリーンウェーブＵ－１５－京都橘高－東洋大－京都サンガF.C.,0/99/0,0/16/0,2017/02/26,2017/03/12,横浜Ｆ・マリノス
畠中 槙之輔,44,,,DF,1995/08/25,184,80,神奈川県,日本,横浜すみれＳＣ－東京ヴェルディジュニア－東京ヴェルディＪｒユース－東京ヴェルディユース－東京ヴェルディ－ＦＣ町田ゼルビア－東京ヴェルディ,39/90/4,0/4/0,2014/03/30,2017/06/25,横浜Ｆ・マリノス
オナイウ 阿道,45,,,FW,1995/11/08,180,75,埼玉県,日本,神川パルフェ－ＦＣコルージャ－正智深谷高－ジェフユナイテッド千葉－浦和レッズ－レノファ山口ＦＣ－浦和レッズ－大分トリニータ－浦和レッズ,33/104/2,10/32/0,2014/08/10,2014/09/14,横浜Ｆ・マリノス
竹重 安希彦,1,,,GK,1987/08/21,186,80,山口県,日本,大内サッカースポーツ少年団－大内中－西京高－阪南大－ジュビロ磐田－アルビレックス新潟－ジュビロ磐田－栃木ＳＣ,1/52/1,,2012/06/23,,横浜ＦＣ
マギーニョ,3,,,DF,1992/01/06,175,68,ブラジル,ブラジル,トゥピＦＣ／ブラジル－アメリカＦＣ／ブラジル－カピバリアーノＦＣ／ブラジル－ヴィラ　ノヴァＦＣ／ブラジル－川崎フロンターレ,9/0/0,2/0/0,2019/02/23,2019/05/26,横浜ＦＣ
小林 友希,4,,,DF,2000/07/18,185,75,兵庫県,日本,ヴィッセル神戸Ｕ－１２－ヴィッセル神戸Ｕ－１５－ヴィッセル神戸Ｕ－１８－ヴィッセル神戸－ＦＣ町田ゼルビア－ヴィッセル神戸,2/15/0,,2018/04/15,,横浜ＦＣ
田代 真一,5,,,DF,1988/06/26,182,72,東京都,日本,横浜Ｆ・マリノスプライマリー菅田－横浜Ｆ・マリノスＪｒユース－横浜Ｆ・マリノスユース－横浜Ｆ・マリノス－ＦＣ町田ゼルビア－横浜Ｆ・マリノス－ＦＣ町田ゼルビア－横浜Ｆ・マリノス－ジェフユナイテッド千葉－モンテディオ山形－Ｖ・ファーレン長崎－横浜ＦＣ－Ｖ・ファーレン長崎,6/159/0,0/7/0,2009/08/01,2016/07/20,横浜ＦＣ
瀬古 樹,6,,,MF,1997/12/22,175,69,東京都,日本,三菱養和ＳＣ巣鴨ジュニア－三菱養和ＳＣ巣鴨Ｊｒユース－明治大,1/0/0,1/0/0,2020/02/23,2020/02/23,横浜ＦＣ
松浦 拓弥,7,,,MF,1988/12/21,167,64,静岡県,日本,ホンダＦＣＪｒユース－浜名高－ジュビロ磐田－アビスパ福岡－ジュビロ磐田,199/60/0,16/6/0,2008/07/17,2008/10/18,横浜ＦＣ
佐藤 謙介,8,,,MF,1989/01/19,180,66,埼玉県,日本,若久スポーツ少年団－木崎サッカースポーツ少年団－浦和レッズＪｒユース－浦和レッズユース－中央大,0/286/0,0/17/0,2011/03/06,2012/05/13,横浜ＦＣ
一美 和成,9,,,FW,1997/11/10,181,77,熊本県,日本,エスペランサ熊本ジュニア－エスペランサ熊本Ｊｒユース－大津高－ガンバ大阪－京都サンガF.C.－ガンバ大阪,10/36/75,0/17/19,2016/03/13,2016/07/10,横浜ＦＣ
イバ,10,,,FW,1985/05/21,190,88,ノルウェー,ノルウェー,スケイド　オスロ／ノルウェー－ボルシアＭＧ／ドイツ－スケイド　オスロ／ノルウェー－ノトテン／ノルウェー－ミェルンダーレン／ノルウェー－ストレンメン／ノルウェー－バレレンガ／ノルウェー－スターベクＩＦ／ノルウェー－ボーデグリムト／ノルウェー－河北華夏幸福足蹴球倶楽部／中国,0/156/0,0/78/0,2016/03/06,2016/04/09,横浜ＦＣ
三浦 知良,11,,,FW,1967/02/26,177,72,静岡県,日本,ヴェルディ川崎－ジェノア／イタリア－ヴェルディ川崎－クロアチア　ザグレブ／クロアチア－京都パープルサンガ－ヴィッセル神戸－横浜ＦＣ－シドニーＦＣ／オーストラリア,321/249/0,139/24/0,1993/05/15,1993/05/26,横浜ＦＣ
瀬沼 優司,13,,,FW,1990/09/01,185,78,神奈川県,日本,上南ＳＣ－上溝南中－桐光学園高－筑波大－清水エスパルス－栃木ＳＣ－清水エスパルス－愛媛ＦＣ－清水エスパルス－愛媛ＦＣ－清水エスパルス－モンテディオ山形－清水エスパルス－モンテディオ山形,14/186/0,1/34/0,2012/09/29,2012/09/29,横浜ＦＣ
志知 孝明,14,,,DF,1993/12/27,177,70,岐阜県,日本,正木サッカー少年団－羽島中－ＦＣ岐阜Ｕ－１８－東海学園大－松本山雅ＦＣ－福島ユナイテッドＦＣ－松本山雅ＦＣ－水戸ホーリーホック,1/46/16,0/5/0,2017/02/26,2019/03/17,横浜ＦＣ
齋藤 功佑,15,ホームグロウン,,MF,1997/06/16,170,61,神奈川県,日本,横浜ＦＣＪｒユース－横浜ＦＣユース,0/38/0,0/6/0,2017/07/08,2018/06/24,横浜ＦＣ
皆川 佑介,16,,,FW,1991/10/09,186,84,東京都,日本,所沢ＳＣジュニア－所沢ＪｒユースＳＣ－前橋育英高－中央大－サンフレッチェ広島－ロアッソ熊本－サンフレッチェ広島,66/57/0,5/12/0,2014/07/19,2014/07/23,横浜ＦＣ
武田 英二郎,17,,,MF,1988/07/11,173,71,神奈川県,日本,ＦＣ中原－横浜Ｆ・マリノスＪｒユース－横浜Ｆ・マリノスユース－青山学院大－横浜Ｆ・マリノス－ジェフユナイテッド千葉－横浜Ｆ・マリノス－ガイナーレ鳥取－横浜Ｆ・マリノス－アビスパ福岡－横浜Ｆ・マリノス－湘南ベルマーレ,3/143/0,0/5/0,2012/03/04,2013/06/15,横浜ＦＣ
南 雄太,18,,,GK,1979/09/30,185,78,神奈川県,日本,武蔵ヶ丘ＦＣ－読売日本ＳＣＪｒユース－静岡学園高－柏レイソル－ロアッソ熊本,246/363/0,,1998/07/25,,横浜ＦＣ
伊野波 雅彦,19,,,DF,1985/08/28,179,74,宮崎県,日本,宮崎東サッカースポーツ少年団－生目台中－鹿児島実業高－阪南大－ＦＣ東京－鹿島アントラーズ－ハイデュク　スプリト／クロアチア－ヴィッセル神戸－ジュビロ磐田－ヴィッセル神戸,244/85/0,4/2/0,2006/03/05,2006/08/23,横浜ＦＣ
カルフィン ヨン ア ピン,20,,,DF,1986/07/18,183,78,オランダ,オランダ,ＦＣフォレンダム／オランダ－ＳＣヘーレンフェーン／オランダ－フィテッセ／オランダ－ＳＣヘーレンフェーン／オランダ－清水エスパルス－ＦＣ町田ゼルビア,94/147/0,1/4/0,2011/08/20,2013/11/23,横浜ＦＣ
市川 暉記,21,,,GK,1998/10/19,190,86,神奈川県,日本,ＦＣ中井－湘南ベルマーレ小田原－星槎国際湘南校－横浜ＦＣ－ガイナーレ鳥取,0/0/10,,2019/03/31,,横浜ＦＣ
松井 大輔,22,,,MF,1981/05/11,175,66,京都府,日本,大宅中－藤森中－鹿児島実業高－京都パープルサンガ－ル　マンＦＣ／フランス－ＡＳサンテティエンヌ／フランス－グルノーブルフット３８／フランス－ＦＣトム　トムスク／ロシア連邦－ディジョンＦＣＯ／フランス－スラヴィア　ソフィア／ブルガリア－レヒア　グダニスク／ポーランド－ジュビロ磐田－オドラ　オーポレ／ポーランド,95/150/0,7/20/0,2000/03/18,2000/04/15,横浜ＦＣ
斉藤 光毅,23,ホームグロウン,,FW,2001/08/10,170,61,東京都,日本,犬蔵ＳＣ－横浜ＦＣＪｒユース－横浜ＦＣユース,0/31/0,0/6/0,2018/07/21,2019/04/03,横浜ＦＣ
草野 侑己,25,,,FW,1996/07/21,169,65,北海道,日本,柳町サッカー少年団－プログレッソ十勝Ｕ－１２－ＪＦＡアカデミー福島Ｕ－１５－ＪＦＡアカデミー福島Ｕ－１８－阪南大,0/11/0,0/4/0,2019/05/18,2019/06/22,横浜ＦＣ
袴田 裕太郎,26,,,DF,1996/06/24,183,75,静岡県,日本,浜松白脇サッカースポーツ少年団－ジュビロ磐田Ｕ－１５－浜松開誠館高－明治大,0/14/0,,2019/03/30,,横浜ＦＣ
中山 克広,27,ホームグロウン,,MF,1996/07/17,177,65,神奈川県,日本,都筑サッカー友の会－横浜ＦＣＪｒユース－麻布大渕野辺高－専修大,1/32/0,0/6/0,2019/04/21,2019/08/04,横浜ＦＣ
安永 玲央,28,ホームグロウン,,MF,2000/11/19,177,72,東京都,日本,やはたＦＣ－川崎フロンターレＵ－１５－横浜ＦＣユース－横浜ＦＣ－カターレ富山,0/2/2,,2019/03/10,,横浜ＦＣ
星 キョーワァン,29,,,DF,1997/06/25,184,80,栃木県,日本,南河内第二中学校－矢板中央高－駒澤大,,,,,横浜ＦＣ
手塚 康平,30,,,MF,1996/04/06,176,66,栃木県,日本,柏レイソルＵ－１５－柏レイソルＵ－１８－オネハンガスポーツ／ニュージーランド－柏レイソル,35/18/0,3/0/0,2017/04/01,2017/04/30,横浜ＦＣ
古宿 理久,32,ホームグロウン,,MF,2001/04/18,178,69,神奈川県,日本,JFC FUTURO－横浜ＦＣＪｒユース－青森山田高,,,,,横浜ＦＣ
川﨑 裕大,33,ホームグロウン,,DF,1992/08/20,175,69,神奈川県,日本,フェニックスＦＣ－横浜ＦＣ泉Ｊｒユース－成立学園高－流通経済大－サンフレッチェ広島－横浜ＦＣ－サンフレッチェ広島,0/29/0,0/1/0,2017/09/09,2018/04/08,横浜ＦＣ
熊川 翔,34,,,DF,1997/04/02,173,62,埼玉県,日本,柏レイソルＵ－１２－柏レイソルＵ－１５－柏レイソルＵ－１８－流通経済大－いわきＦＣ,,,,,横浜ＦＣ
松尾 佑介,37,,,MF,1997/07/23,170,65,埼玉県,日本,戸塚フットボールジュニアクラブ－浦和レッズＪｒユース－浦和レッズユース－仙台大,1/21/0,0/6/0,2019/06/29,2019/08/04,横浜ＦＣ
レアンドロ ドミンゲス,40,,,MF,1983/08/24,173,70,ブラジル,ブラジル,ヴィトーリア／ブラジル－クルゼイロ／ブラジル－フルミネンセ／ブラジル－ヴィトーリア／ブラジル－柏レイソル－名古屋グランパス－ＥＣヴィトーリア／ブラジル－ポルトゲーザ／ブラジル,89/122/0,29/33/0,2010/03/14,2010/03/28,横浜ＦＣ
六反 勇治,44,,,GK,1987/04/10,188,80,鹿児島県,日本,スパイダ加治木－ディアマント鹿児島－田崎中－熊本国府高－アビスパ福岡－横浜Ｆ・マリノス－ベガルタ仙台－清水エスパルス,143/23/0,1/0/0,2009/09/02,2018/11/24,横浜ＦＣ
富居 大樹,1,,,GK,1989/08/27,182,74,埼玉県,日本,浦和レッズＪｒユース－武南高－東京国際大－ザスパクサツ群馬－モンテディオ山形,5/66/0,,2014/07/20,,湘南ベルマーレ
中村 俊輔,46,,,MF,1978/06/24,178,71,神奈川県,日本,横浜深園ＳＣ－日産ＦＣＪｒユース－桐光学園高－横浜Ｆ・マリノス－レッジーナ／イタリア－セルティックＦＣ／スコットランド－ＲＣＤエスパニョール／スペイン－横浜Ｆ・マリノス－ジュビロ磐田,387/10/0,73/1/0,1997/04/16,1997/05/03,横浜ＦＣ
金子 大毅,2,,,MF,1998/08/28,177,67,東京都,日本,烏山北ＦＣ－ＦＣトッカーノＵ－１５－市立船橋高－神奈川大,28/0/0,3/0/0,2018/05/19,2018/08/31,湘南ベルマーレ
馬渡 和彰,3,,,DF,1991/06/23,175,72,東京都,日本,三宿中－市立船橋高－東洋大－ガイナーレ鳥取－ツエーゲン金沢－徳島ヴォルティス－サンフレッチェ広島－川崎フロンターレ,17/54/52,2/5/7,2014/03/09,2014/04/13,湘南ベルマーレ
高木 友也,,,,DF,1998/05/23,175,70,神奈川県,日本,バディーＳＣ－バディーＪｒユース－法政大第二高－法政大在学中,,,,,横浜ＦＣ
坂 圭祐,4,,,DF,1995/05/07,174,74,三重県,日本,内部リバーズＦＣ－内部中－四日市中央工高－順天堂大,47/0/0,2/0/0,2018/04/15,2018/07/22,湘南ベルマーレ
古林 将太,5,ホームグロウン,,MF,1991/05/11,174,70,神奈川県,日本,湘南ベルマーレジュニア－湘南ベルマーレＪｒユース－湘南ベルマーレユース－湘南ベルマーレ－ザスパ草津－湘南ベルマーレ－名古屋グランパス－ベガルタ仙台－名古屋グランパス－ベガルタ仙台,140/76/0,5/4/0,2010/03/13,2011/07/02,湘南ベルマーレ
岡本 拓也,6,,,DF,1992/06/18,175,73,埼玉県,日本,道祖土サッカー少年団－浦和レッズＪｒユース－浦和レッズユース－浦和レッズ－Ｖ・ファーレン長崎－浦和レッズ－Ｖ・ファーレン長崎－浦和レッズ－湘南ベルマーレ－浦和レッズ－湘南ベルマーレ－浦和レッズ－湘南ベルマーレ－浦和レッズ,84/70/0,4/3/0,2010/03/14,2016/03/05,湘南ベルマーレ
梅崎 司,7,,,MF,1987/02/23,169,67,長崎県,日本,キックスＦＣ－大分トリニータＵ－１８－大分トリニータ－グルノーブルフット３８／フランス－大分トリニータ－浦和レッズ,299/0/0,36/0/0,2005/07/10,2006/05/03,湘南ベルマーレ
大野 和成,8,,,DF,1989/08/04,180,76,新潟県,日本,春日中－アルビレックス新潟ユース－アルビレックス新潟－愛媛ＦＣ－アルビレックス新潟－湘南ベルマーレ－アルビレックス新潟－湘南ベルマーレ－アルビレックス新潟,177/55/0,6/2/0,2010/10/17,2012/03/20,湘南ベルマーレ
指宿 洋史,9,,,FW,1991/02/27,196,89,千葉県,日本,柏レイソルＪｒユース－柏レイソルユース－ジローナＦＣ／スペイン－レアル　サラゴサＢ／スペイン－ＣＥサバデル／スペイン－セビージャＢ／スペイン－セビージャ／スペイン－ＫＡＳオイペン／ベルギー－バレンシア　メスタージャ／スペイン－アルビレックス新潟－ジェフユナイテッド千葉,82/61/0,13/12/0,2014/08/16,2014/09/27,湘南ベルマーレ
山田 直輝,10,,,MF,1990/07/04,168,64,埼玉県,日本,北浦和サッカースポーツ少年団－浦和レッズＪｒユース－浦和レッズユース－浦和レッズ－湘南ベルマーレ－浦和レッズ－湘南ベルマーレ－浦和レッズ－湘南ベルマーレ－浦和レッズ－湘南ベルマーレ－浦和レッズ,92/39/0,7/5/0,2008/04/26,2009/04/29,湘南ベルマーレ
タリク,11,,,FW,1988/02/23,172,66,モロッコ,ノルウェー,フレンドリクスタＦＫ／ノルウェー－ＳＣヘーレンフェーン／オランダ－リールストロムＳＫ／ノルウェー－ＳＣヘーレンフェーン／オランダ－フレドリクスタＦＫ／ノルウェー－ローゼンボリＢＫ／ノルウェー－ホッフェンハイム／ドイツ－オリンピアコス／ギリシャ－カラバフＦＫ／アゼルバイジャン－ＡＩＫソルナ／スウェーデン,1/0/0,,2020/02/21,,湘南ベルマーレ
石原 直樹,13,ホームグロウン,,FW,1984/08/14,173,64,群馬県,日本,片岡中－高崎経済大付属高－湘南ベルマーレ－大宮アルディージャ－サンフレッチェ広島－浦和レッズ－ベガルタ仙台－浦和レッズ－ベガルタ仙台,280/143/0,66/41/0,2003/03/15,2003/09/20,湘南ベルマーレ
中川 寛斗,14,,,MF,1994/11/03,155,60,埼玉県,日本,ジップＳＣ－大東少年団－柏レイソルＵ－１２－柏レイソルＵ－１５－柏レイソルＵ－１８－柏レイソル－湘南ベルマーレ－柏レイソル－湘南ベルマーレ－柏レイソル－湘南ベルマーレ－柏レイソル,81/3/4,7/0/0,2013/04/27,2015/10/03,湘南ベルマーレ
福田 晃斗,15,,,MF,1992/05/01,170,65,三重県,日本,名古屋グランパスＵ１５－四日市中央工高－鹿屋体育大－サガン鳥栖,114/0/0,4/0/0,2013/09/28,2017/06/25,湘南ベルマーレ
齊藤 未月,16,ホームグロウン,,MF,1999/01/10,166,66,神奈川県,日本,藤沢ＦＣ－湘南ベルマーレジュニア－湘南ベルマーレＵ－１５平塚－湘南ベルマーレユース,50/30/0,2/0/0,2016/04/24,2018/07/22,湘南ベルマーレ
大橋 祐紀,17,,,FW,1996/07/27,180,74,千葉県,日本,常盤平ＳＣ－柏イーグルス－ジェフユナイテッド千葉Ｕ－１５－八千代高－中央大,6/0/0,1/0/0,2018/12/01,2019/04/28,湘南ベルマーレ
松田 天馬,18,,,MF,1995/06/11,164,62,熊本県,日本,熊本ユナイテッドＳＣ　Ｕ－１２－熊本ユナイテッドＳＣ　Ｕ－１５－東福岡高－鹿屋体育大,53/3/0,4/0/0,2017/08/05,2018/03/02,湘南ベルマーレ
舘 幸希,19,,,DF,1997/12/14,173,73,三重県,日本,鈴西サッカースポーツ少年団－伊賀ＦＣＪｒユース－四日市中央工高－日本大,,,,,湘南ベルマーレ
岩崎 悠人,20,,,FW,1998/06/11,173,70,滋賀県,日本,金城ＪＦＣ－ＪＦＡアカデミー福島Ｕ－１５－中央中－京都橘高－京都サンガF.C.－北海道コンサドーレ札幌,9/68/0,0/3/0,2017/02/26,2017/04/29,湘南ベルマーレ
後藤 雅明,21,,,GK,1994/05/24,190,83,埼玉県,日本,小手指サッカースポーツ少年団－プレジールＳＣ入間－國學院久我山高－早稲田大－湘南ベルマーレ－ツエーゲン金沢,0/3/0,,2019/03/03,,湘南ベルマーレ
大岩 一貴,22,,,DF,1989/08/17,182,78,愛知県,日本,熱田少年ＳＣ－名古屋ＦＣ－中京大付属中京高－中央大－ジェフユナイテッド千葉－ベガルタ仙台,118/132/0,7/6/0,2012/03/11,2012/03/25,湘南ベルマーレ
茨田 陽生,23,,,MF,1991/05/30,173,68,千葉県,日本,柏レイソルＵ－１２－柏レイソルＵ－１５－柏レイソルＵ－１８－柏レイソル－大宮アルディージャ,183/99/0,5/14/0,2010/03/07,2010/05/16,湘南ベルマーレ
澤田 恒,24,,,MF,1991/12/25,172,64,北海道,日本,真駒内南少年団－SSS－札幌第一高－札幌大－ＶＦＢギンスハイム／ドイツ－ＦＳＶフランクフルト／ドイツ－キッカーズ オッフェンバッハ／ドイツ,,,,,湘南ベルマーレ
谷 晃生,25,,,GK,2000/11/22,190,84,大阪府,日本,ガンバ大阪Ｊｒユース－ガンバ大阪ユース－ガンバ大阪,0/0/33,,2017/03/12,,湘南ベルマーレ
畑 大雅,26,,,DF,2002/01/20,176,70,東京都,日本,松林少年ＳＣ－ＡＺ８６東京青梅ジュニア－ＡＺ８６東京青梅－市立船橋高,,,,,湘南ベルマーレ
鈴木 冬一,28,,,MF,2000/05/30,165,61,大阪府,日本,セレッソ大阪Ｕ－１２－セレッソ大阪Ｕ－１５－セレッソ大阪Ｕ－１８－長崎総合科学大附属高,23/0/3,,2017/09/24,,湘南ベルマーレ
三幸 秀稔,29,,,MF,1993/05/23,172,65,千葉県,日本,市川中央リトルキッズ－ＪＦＡアカデミー福島－ヴァンフォーレ甲府－ＳＣ相模原－レノファ山口ＦＣ,1/145/28,0/7/1,2012/06/17,2014/03/16,湘南ベルマーレ
柴田 壮介,30,ホームグロウン,,MF,2001/05/26,168,64,神奈川県,日本,FCグランツ梅田－湘南ベルマーレＵ－１５平塚－湘南ベルマーレＵ－１８,1/0/0,,2019/06/22,,湘南ベルマーレ
堀田 大暉,31,,,GK,1994/10/05,183,78,宮城県,日本,ベガルタ仙台Ｊｒユース－ベガルタ仙台ユース－東海大－福島ユナイテッドＦＣ,0/0/59,,2018/03/11,,湘南ベルマーレ
田中 聡,32,（２種）,,MF,2002/08/13,173,70,長野県,日本,長野ＦＣガーフＪｒ．－ＡＣ長野パルセイロＵ－１５,,,,,湘南ベルマーレ
横川 旦陽,33,（２種）,,MF,2002/05/26,175,69,神奈川県,日本,芦子ＳＣ－湘南ベルマーレＵ－１５平塚,,,,,湘南ベルマーレ
佐久間 翔士,34,（２種）,,DF,2003/01/07,180,77,神奈川県,日本,三浦旭サッカークラブ－ライオンズＳＣ,,,,,湘南ベルマーレ
原 直生,35,（２種）,,MF,2003/07/22,176,61,長野県,日本,ＦＣ．ＣＥＤＡＣジュニア－ＦＣ．ＣＥＤＡＣ　Ｊｒユース,,,,,湘南ベルマーレ
石井 大生,36,（２種）,,DF,2003/12/29,189,73,神奈川県,日本,大道ＳＣ－湘南ベルマーレＵ－１５平塚,,,,,湘南ベルマーレ
根本 凌,37,,,FW,2000/02/03,183,83,神奈川県,日本,茅ヶ崎小和田FC－シュートＪｒユースＦＣ－上田西高－鹿屋体育大在学中,,,,,湘南ベルマーレ
石原 広教,38,ホームグロウン,,DF,1999/02/26,169,65,神奈川県,日本,藤沢ＦＣ－湘南ベルマーレジュニア－湘南ベルマーレＵ－１５平塚－湘南ベルマーレユース－湘南ベルマーレ－アビスパ福岡,8/47/0,,2017/04/09,,湘南ベルマーレ
毛利 駿也,44,,,DF,1995/04/10,175,70,富山県,日本,ＳＱＵＡＲＥ富山－山梨学院大附属高－順天堂大－ツエーゲン金沢,0/55/0,0/1/0,2018/02/25,2018/04/01,湘南ベルマーレ
西部 洋平,1,,,GK,1980/12/01,187,79,兵庫県,日本,帝京第三高－浦和レッズ－鹿島アントラーズ－浦和レッズ－清水エスパルス－浦和レッズ－清水エスパルス－浦和レッズ－清水エスパルス－湘南ベルマーレ－川崎フロンターレ,312/51/0,,2000/10/07,,清水エスパルス
立田 悠悟,2,ホームグロウン,,DF,1998/06/21,191,81,静岡県,日本,入江サッカースポーツ少年団－清水クラブＳＳ－清水エスパルスＪｒユース－清水エスパルスユース,52/0/0,1/0/0,2018/02/25,2018/03/03,清水エスパルス
ファン ソッコ,3,,,DF,1989/06/27,183,80,大韓民国,大韓民国,雲湖高／大韓民国－大邱大／大韓民国－サンフレッチェ広島－鹿島アントラーズ－天津泰達足球倶楽部／中国,150/0/0,4/0/0,2012/03/24,2013/07/10,清水エスパルス
吉本 一謙,4,,,DF,1988/04/24,185,83,東京都,日本,ＪＡＣＰＡ東京ＦＣ－ＦＣ東京Ｕ－１５－ＦＣ東京Ｕ－１８－ＦＣ東京－ＦＣ岐阜－ＦＣ東京－ＦＣ岐阜－ＦＣ東京－水戸ホーリーホック－ＦＣ東京－アビスパ福岡－ＦＣ東京－アビスパ福岡－ＦＣ東京,70/64/17,1/4/0,2007/03/03,2008/03/30,清水エスパルス
ヴァウド,5,,,DF,1992/02/10,183,77,ブラジル,ブラジル,ＡＤコンフィアンサ／ブラジル－ボタフォゴＦＣ／ブラジル－ＡＤコンフィアンサ／ブラジル－セアラーＳＣ／ブラジル,1/0/0,,2020/02/23,,清水エスパルス
竹内 涼,6,ホームグロウン,,MF,1991/03/08,173,67,静岡県,日本,浜松竜禅寺ＦＣ－浜松ＪＦＣ－浜松開誠館中－浜松開誠館高－清水エスパルス－ギラヴァンツ北九州,142/60/0,1/3/0,2011/10/15,2012/04/01,清水エスパルス
六平 光成,7,,,MF,1991/01/16,176,66,東京都,日本,クリストロワＦＣ－ＦＣ東京Ｕ－１５深川－前橋育英高－中央大,114/26/0,1/0/0,2013/05/25,2014/11/02,清水エスパルス
石毛 秀樹,8,ホームグロウン,,MF,1994/09/21,170,69,静岡県,日本,富士第一ＳＳＳ－清水エスパルスＪｒユース－清水エスパルスユース－清水エスパルス－ファジアーノ岡山,117/54/8,9/3/2,2012/04/22,2013/03/02,清水エスパルス
鄭 大世,9,,,FW,1984/03/02,181,80,愛知県,日本,東春朝鮮初中級学校－愛知朝鮮中高級学校－朝鮮大学校－川崎フロンターレ－ＶｆＬボーフム／ドイツ－１．ＦＣケルン／ドイツ－水原三星ブルーウィングス／大韓民国,180/37/0,65/26/0,2006/03/18,2006/07/19,清水エスパルス
カルリーニョス ジュニオ,10,,,FW,1994/08/08,174,71,ブラジル,ブラジル,パラナ　クルーベ／ブラジル－ボタフォゴＦＣ／ブラジル－ＦＣルガーノ／スイス,,,,,清水エスパルス
ジュニオール ドゥトラ,11,,,FW,1988/04/25,188,76,ブラジル,ブラジル,ＥＣサントアンドレユース／ブラジル－ＥＣサントアンドレ／ブラジル－京都サンガF.C.－鹿島アントラーズ－ロケレン／ベルギー－アル　アラビ／カタール－バスコ　ダ　ガマ／ブラジル－アヴァイＦＣ／ブラジル－ＳＣコリンチャンス　パウリ／ブラジル－フルミネンセＦＣ／ブラジル－ＳＣコリンチャンス　パウリ／ブラジル－アル　ナスルＳＣ／アラブ首長国連邦－ＳＣコリンチャンス　パウリ／ブラジル,66/30/0,14/6/0,2010/04/03,2010/05/05,清水エスパルス
宮本 航汰,13,ホームグロウン,,MF,1996/06/19,177,73,静岡県,日本,清水エスパルスＪｒユース－清水エスパルスユース－清水エスパルス－Ｖ・ファーレン長崎－清水エスパルス－Ｖ・ファーレン長崎－清水エスパルス－ＦＣ岐阜－清水エスパルス－ＦＣ岐阜,0/95/4,0/2/0,2015/04/19,2018/05/03,清水エスパルス
後藤 優介,14,,,FW,1993/04/23,171,70,鹿児島県,日本,鹿屋東中－大分トリニータＵ－１８－大分トリニータ－ＨＯＹＯ　ＡＣ　ＥＬＡＮ　大分－大分トリニータ,20/120/26,2/32/16,2012/04/08,2014/03/22,清水エスパルス
金井 貢史,15,,,DF,1990/02/05,175,70,神奈川県,日本,あざみ野Ｆ．Ｃ．－横浜Ｆ・マリノスＪｒユース－横浜Ｆ・マリノスユース－横浜Ｆ・マリノス－サガン鳥栖－横浜Ｆ・マリノス－サガン鳥栖－ジェフユナイテッド千葉－横浜Ｆ・マリノス－名古屋グランパス－サガン鳥栖－名古屋グランパス,153/35/0,15/5/0,2008/07/20,2012/08/04,清水エスパルス
西澤 健太,16,ホームグロウン,,MF,1996/09/06,171,67,静岡県,日本,カワハラＦＣ－清水エスパルスＪｒユース－清水エスパルスユース－筑波大,24/0/0,7/0/0,2019/05/18,2019/06/15,清水エスパルス
河井 陽介,17,,,MF,1989/08/04,166,59,静岡県,日本,青島ＳＳＳ－藤枝東ＦＣ－藤枝東高－慶応大,168/37/0,7/1/0,2012/03/10,2013/05/25,清水エスパルス
エウシーニョ,18,,,DF,1989/11/30,180,78,ブラジル,ブラジル,ＳＣジーナス／ブラジル－ビリェナ／ブラジル－グレミオ　マリンガ／ブラジル－ヘモ／ブラジル－ナショナルＭＧ／ブラジル－ＣＲＢ／ブラジル－フィゲレンセＦＣ／ブラジル－ヴァスコ　ダ　ガマ／ブラジル－アメリカ　ミネイロ／ブラジル－川崎フロンターレ,147/0/0,24/0/0,2015/03/07,2015/03/07,清水エスパルス
平墳 迅,19,ホームグロウン,,FW,1999/05/19,181,78,岐阜県,日本,ＪＵＶＥＮ　ＦＣ－岐阜ＶＡＭＯＳ－清水エスパルスユース,,,,,清水エスパルス
中村 慶太,20,,,MF,1993/06/30,178,73,千葉県,日本,増穂ＦＣ－正木ＦＣ－アルティスタＦＣ－流通経済大付属柏高－流通経済大－ＡＣＢＢ／フランス－流通経済大－Ｖ・ファーレン長崎,49/64/0,8/10/0,2016/02/28,2016/06/26,清水エスパルス
奥井 諒,21,,,DF,1990/03/07,169,66,大阪府,日本,ガンバ大阪ジュニア－ガンバ大阪Ｊｒユース－履正社高－早稲田大－ヴィッセル神戸－大宮アルディージャ,104/75/0,3/3/0,2012/04/07,2012/11/17,清水エスパルス
ヘナト アウグスト,22,,,MF,1992/01/29,185,77,ブラジル,ブラジル,ＳＥパルメイラス／ブラジル－モレイレンセ／ポルトガル－パルメイラス／ブラジル－ジョインビレＥＣ／ブラジル－ＡＡポンチ　プレッタ／ブラジル－フィゲイレンセＦＣ／ブラジル－エスポート　サント　アンド／ブラジル－パイサンドゥＳＣ／ブラジル,21/0/0,2/0/0,2019/03/31,2019/06/30,清水エスパルス
ティーラシン デーンダー,23,,,FW,1988/06/06,182,76,タイ,タイ,ラパチャＦＣ／タイ－ムアントンユナイテッド／タイ－マンチェスター　シティ／イングランド－グラスホッパー　チューリッヒ／スイス－マンチェスター　シティ／イングランド－ラパチャＦＣ／タイ－ムアントンユナイテッド／タイ－ＵＤアルメリア／スペイン－ムアントンユナイテッド／タイ－サンフレッチェ広島－ムアントンユナイテッド／タイ,33/0/0,7/0/0,2018/02/24,2018/02/24,清水エスパルス
岡崎 慎,24,,,DF,1998/10/10,181,74,東京都,日本,コアラＳＣ－ＦＣ東京Ｕ－１５深川－ＦＣ東京Ｕ－１８－ＦＣ東京,12/0/71,1/0/3,2016/03/13,2016/10/30,清水エスパルス
滝 裕太,26,ホームグロウン,,MF,1999/08/29,168,61,静岡県,日本,ＦＣアスルクラロ沼津－清水エスパルスＪｒユース－清水エスパルスユース,12/0/0,2/0/0,2019/03/02,2019/03/02,清水エスパルス
西村 恭史,28,,,MF,1999/11/04,185,73,大阪府,日本,長野ＦＣ－興国高－清水エスパルス－ファジアーノ岡山,1/0/0,,2020/02/23,,清水エスパルス
福森 直也,29,,,DF,1992/08/29,183,79,大阪府,日本,吹田千里ＦＣ－セレッソ大阪Ｕ－１５－金光大阪高－関西学院大－大分トリニータ,9/77/24,0/0/1,2015/03/08,2016/06/05,清水エスパルス
金子 翔太,30,ホームグロウン,,MF,1995/05/02,163,58,栃木県,日本,今市第三カルナヴァル－ＪＦＡアカデミー福島－清水エスパルス－栃木ＳＣ,101/27/18,15/5/3,2014/03/30,2014/03/30,清水エスパルス
梅田 透吾,31,ホームグロウン,,GK,2000/07/23,184,79,静岡県,日本,長泉アミーゴス－清水エスパルスＪｒユース－清水エスパルスユース,,,,,清水エスパルス
ネト ヴォルピ,32,,,GK,1992/08/01,189,86,ブラジル,ブラジル,フィゲイレンセＦＣ／ブラジル－エスポート　サント　アンド／ブラジル－EＣインテルナシオナル　デ／ブラジル－フィゲイレンセＦＣ／ブラジル－ＥＣインテルナシオナル　デ／ブラジル－ＣＡトゥバロン／ブラジル－フィゲイレンセＦＣ／ブラジル－アメリカ　デ　カリ／コロンビア－デポルティーボ　アラべス／コロンビア－アメリカ　デ　カリ／コロンビア,1/0/0,,2020/02/23,,清水エスパルス
川本 梨誉,33,ホームグロウン,,FW,2001/06/11,178,70,静岡県,日本,中田サッカースポーツ少年団－清水エスパルスＪｒユース－清水エスパルスユース,2/0/0,,2019/10/06,,清水エスパルス
ノリエガ エリック,34,ホームグロウン,,DF,2001/10/22,182,77,ペルー,ペルー,クラブ　アリアンサ　リマ／ペルー－清水エスパルスユース,,,,,清水エスパルス
伊藤 研太,35,ホームグロウン,,DF,1999/05/12,177,62,愛知県,日本,名古屋グランパスエイトＵ－１２－名古屋グランパス三好ＦＣ－清水エスパルスユース,,,,,清水エスパルス
栗原 イブラヒム ジュニア,36,,,FW,2001/08/14,190,88,埼玉県,日本,栗の実ＳＣ－三菱養和ＳＣ巣鴨ジュニア－三菱養和ＳＣ巣鴨Ｊｒユース－三菱養和ＳＣユース,,,,,清水エスパルス
鈴木 唯人,37,,,MF,2001/10/25,175,66,神奈川県,日本,横浜Ｆ・マリノスプライマリー追浜－葉山中－市立船橋高,,,,,清水エスパルス
新井 栄聡,38,,,GK,1995/09/27,187,84,埼玉県,日本,坂戸カンガルーＳＣ－坂戸ディプロマッツＦＣ－西武台高－流通経済大－清水エスパルス－ツエーゲン金沢,,,,,清水エスパルス
大久保 択生,39,,,GK,1989/09/18,190,92,東京都,日本,帝京中－帝京高－横浜ＦＣ－ジェフユナイテッド千葉－Ｖ・ファーレン長崎－ＦＣ東京－サガン鳥栖,31/136/10,,2009/05/10,,清水エスパルス
ランゲラック,1,,,GK,1988/08/22,193,78,オーストラリア,オーストラリア,メルボルンビクトリー／オーストラリア－サウス　メルボルンＦ／オーストラリア－メルボルンビクトリー／オーストラリア－ボルシア　ドルトムント／ドイツ－ＶｆＢシュトゥットガルト／ドイツ－レバンテＵＤ／スペイン,68/0/0,,2018/02/24,,名古屋グランパス
米本 拓司,2,,,MF,1990/12/03,177,71,兵庫県,日本,瑞穂ＳＣ－伊丹ＦＣ－伊丹高－ＦＣ東京,243/1/13,5/0/0,2009/03/21,2009/08/29,名古屋グランパス
丸山 祐市,3,,,DF,1989/06/16,182,75,東京都,日本,バディＳＣ－ＦＣ東京Ｕ－１５－国学院久我山高－明治大－ＦＣ東京－湘南ベルマーレ－ＦＣ東京,144/41/1,2/2/0,2012/08/11,2014/03/09,名古屋グランパス
中谷 進之介,4,,,DF,1996/03/24,184,77,千葉県,日本,柏レイソルＵ－１２－柏レイソルＵ－１５－柏レイソルＵ－１８－柏レイソル,128/0/13,3/0/0,2014/03/30,2016/05/08,名古屋グランパス
千葉 和彦,5,,,DF,1985/06/21,183,77,北海道,日本,日生学園第二高－ＡＧＯＶＶアプルドーレン／オランダ－ドートレヒト／オランダ－アルビレックス新潟－サンフレッチェ広島,349/0/0,7/0/0,2006/05/06,2011/08/06,名古屋グランパス
宮原 和也,6,,,DF,1996/03/22,172,67,広島県,日本,佐東ＦＣ－サンフレッチェ広島Ｊｒユース－サンフレッチェ広島ユース－サンフレッチェ広島－名古屋グランパス－サンフレッチェ広島－名古屋グランパス－サンフレッチェ広島,77/41/7,5/0/0,2014/03/01,2015/07/11,名古屋グランパス
ジョー,7,,,FW,1987/03/20,192,91,ブラジル,ブラジル,ＳＣ　コリンチャンス　パウ／ブラジル－ＣＳＫＡ　モスクワ／ロシア連邦－マンチェスター　シティ／イングランド－エバートン／イングランド－マンチェスター　シティ／イングランド－ガラタサライ／トルコ－エバートン／イングランド－ＳＣインテルナショナル／ブラジル－アトレチコ　ミネイロ／ブラジル－アル　シャアブ／アラブ首長国連邦－江蘇蘇寧足球倶楽部／中国－ＳＣ　コリンチャンス　パウ／ブラジル,65/0/0,30/0/0,2018/02/24,2018/02/24,名古屋グランパス
ジョアン シミッチ,8,,,MF,1993/05/19,183,79,ブラジル,ブラジル,サンパウロＦＣ／ブラジル－ヴィトーリアＦＣ／ポルトガル－サンパウロＦＣ／ブラジル－アタランタＢＣ／イタリア－リオ　アヴェＦＣ／ポルトガル－アタランタＢＣ／イタリア－リオ　アヴェＦＣ／ポルトガル,32/0/0,2/0/0,2019/02/23,2019/03/09,名古屋グランパス
長谷川 アーリアジャスール,9,,,MF,1988/10/29,186,74,埼玉県,日本,長鶴サッカー少年団－坂戸ディプロマッツＦＣ－横浜Ｆ・マリノスユース－横浜Ｆ・マリノス－ＦＣ東京－セレッソ大阪－レアル　サラゴサ／スペイン－湘南ベルマーレ－大宮アルディージャ,251/19/0,17/3/0,2007/03/03,2008/11/29,名古屋グランパス
ガブリエル シャビエル,10,,,FW,1993/07/15,170,68,ブラジル,ブラジル,ポルトゲーザ／ブラジル－クルゼイロＥＣ／ブラジル－スポルトクラブドレーフェ／ブラジル－クルゼイロＥＣ／ブラジル－ヴィトーリア／ブラジル－クルゼイロＥＣ／ブラジル－名古屋グランパス－クルゼイロＥＣ／ブラジル－名古屋グランパス－クルゼイロEC／ブラジル,61/16/0,9/7/0,2017/07/22,2017/07/22,名古屋グランパス
阿部 浩之,11,,,MF,1989/07/05,170,68,奈良県,日本,高田ＦＣ－大阪桐蔭高－関西学院大－ガンバ大阪－川崎フロンターレ,186/30/2,39/5/0,2012/03/10,2012/04/14,名古屋グランパス
藤井 陽也,13,ホームグロウン,,DF,2000/12/26,187,76,愛知県,日本,ヒカリＦＣ－グランパスみよし－名古屋グランパスＵ－１２－名古屋グランパスＵ１５－名古屋グランパスＵ－１８,4/0/0,,2019/07/20,,名古屋グランパス
秋山 陽介,14,,,MF,1995/04/13,172,70,千葉県,日本,ジェフユナイテッド千葉Ｕ－１５－流通経済大付属柏高－早稲田大－名古屋グランパス－ジュビロ磐田,30/9/0,0/1/0,2017/08/06,2017/09/17,名古屋グランパス
稲垣 祥,15,,,MF,1991/12/25,175,70,東京都,日本,大泉西ハリケーン－サウスユーベＦＣ－ＦＣ東京Ｕ－１５むさし－帝京高－日本体育大－ヴァンフォーレ甲府－サンフレッチェ広島,153/0/0,15/0/0,2014/03/01,2015/10/17,名古屋グランパス
マテウス,16,,,FW,1994/09/11,167,69,ブラジル,ブラジル,ＥＣバイーア／ブラジル－大宮アルディージャ－ＥＣバイーア／ブラジル－大宮アルディージャ－名古屋グランパス－横浜Ｆ・マリノス,68/45/0,11/12/0,2015/09/13,2016/07/17,名古屋グランパス
山﨑 凌吾,17,,,FW,1992/09/20,187,82,岡山県,日本,ヒーロ備前Ｊｒユース－玉野光南高－福岡大－サガン鳥栖－徳島ヴォルティス－サガン鳥栖－徳島ヴォルティス－湘南ベルマーレ,49/92/0,9/22/0,2015/07/29,2016/03/13,名古屋グランパス
渋谷 飛翔,18,,,GK,1995/01/27,189,88,東京都,日本,ミッキーＳＣ－ヴェルディＳＳレスチ－関東第一高－横浜ＦＣ,0/29/0,,2013/11/10,,名古屋グランパス
青木 亮太,19,ホームグロウン,,MF,1996/03/06,174,68,東京都,日本,東京ヴェルディＪｒユース－流通経済大付属柏高,23/26/7,0/11/0,2014/03/23,2017/06/25,名古屋グランパス
渡邉 柊斗,20,,,MF,1997/01/28,168,60,愛知県,日本,名古屋ＦＣ　Ｕ－１2－名古屋ＦＣ　Ｕ－１５－東海学園高－東海学園大,,,,,名古屋グランパス
武田 洋平,21,,,GK,1987/06/30,190,82,大阪府,日本,枚方フジタＳＣ－大津中－大津高－清水エスパルス－アルビレックス新潟－清水エスパルス－ガンバ大阪－清水エスパルス－セレッソ大阪－大分トリニータ,19/83/0,,2010/05/01,,名古屋グランパス
三井 大輝,22,ホームグロウン,,GK,2001/05/27,189,80,愛知県,日本,日進ＳＳＳ－名古屋グランパスＵ－１２－名古屋グランパスＵ－１５－名古屋グランパスＵ－１８,,,,,名古屋グランパス
吉田 豊,23,,,DF,1990/02/17,168,72,静岡県,日本,富士根南ＳＳＳ－リベルダージＦＣ－静岡学園高－ヴァンフォーレ甲府－清水エスパルス－サガン鳥栖,256/60/0,4/0/0,2008/03/23,2013/05/06,名古屋グランパス
石田 凌太郎,24,ホームグロウン,,MF,2001/12/13,175,72,神奈川県,日本,名古屋グランパスＵ－１２－名古屋グランパスＵ－１５－名古屋グランパスＵ－１８,,,,,名古屋グランパス
前田 直輝,25,,,FW,1994/11/17,177,72,埼玉県,日本,北浦和サッカースポーツ少年団－東京ヴェルディ１９６９ジュニア－東京ヴェルディＪｒユース－東京ヴェルディユース－東京ヴェルディ－松本山雅ＦＣ－東京ヴェルディ－横浜Ｆ・マリノス－松本山雅ＦＣ,111/64/2,25/7/0,2012/10/21,2013/04/14,名古屋グランパス
成瀬 竣平,26,ホームグロウン,,DF,2001/01/17,166,63,愛知県,日本,瀬戸FCジュニア－名古屋グランパスＵ１５－名古屋グランパスＵ－１８,3/0/0,,2018/03/18,,名古屋グランパス
相馬 勇紀,27,,,FW,1997/02/25,165,68,東京都,日本,布田ＳＣ－三菱養和調布ＳＳ－三菱養和ＳＣ調布Ｊｒユース－三菱養和ＳＣユース－早稲田大－名古屋グランパス－鹿島アントラーズ,31/0/0,3/0/0,2018/08/11,2018/11/06,名古屋グランパス
吉田 晃,28,,,DF,2001/07/09,184,70,福岡県,日本,小倉南ＦＣジュニア－小倉南ＦＣ－九州国際大付属高,,,,,名古屋グランパス
甲田 英將,30,（２種）,,MF,2003/10/02,166,58,三重県,日本,川島サッカー少年団－名古屋グランパスＵ－１２－名古屋グランパスＵ－１５,,,,,名古屋グランパス
太田 宏介,36,,,DF,1987/07/23,179,78,東京都,日本,つくし野ＳＳＳ－ＦＣ町田－麻布大附属渕野辺高－横浜ＦＣ－清水エスパルス－ＦＣ東京－ＳＢＶフィテッセ／オランダ－ＦＣ東京,287/32/2,11/0/0,2006/06/07,2010/08/22,名古屋グランパス
金崎 夢生,44,,,FW,1989/02/16,180,70,三重県,日本,滝川二高－大分トリニータ－名古屋グランパス－１．ＦＣニュルンベルク／ドイツ－ポルティモネンセＳＣ／ポルトガル－鹿島アントラーズ－ポルティモネンセＳＣ／ポルトガル－鹿島アントラーズ－サガン鳥栖,299/0/0,64/0/0,2007/03/03,2007/05/06,名古屋グランパス
東口 順昭,1,ホームグロウン,,GK,1986/05/12,184,78,大阪府,日本,ＦＣＯＷＬＳＩＮＴＥＲ．ＨＩＲＯＮＯ－ガンバ大阪Ｊｒユース－洛南高－福井工大－新潟経営大－アルビレックス新潟,283/0/0,,2010/03/13,,ガンバ大阪
昌子 源,3,,,DF,1992/12/11,182,76,兵庫県,日本,フレスカ神戸Ｕ－１２－ガンバ大阪Ｊｒユース－米子北高－鹿島アントラーズ－トゥールーズＦＣ／フランス,157/0/0,8/0/0,2012/03/24,2014/03/01,ガンバ大阪
藤春 廣輝,4,,,DF,1988/11/28,175,60,大阪府,日本,クサカＳＳ－ＥＸＥ’９０ＦＣ－東海大仰星高－大阪体育大,207/42/2,8/4/0,2011/05/15,2011/10/22,ガンバ大阪
三浦 弦太,5,,,DF,1995/03/01,183,77,愛知県,日本,ＦＣ豊橋デューミラン－大阪桐蔭高－清水エスパルス,116/29/11,3/0/1,2013/05/25,2014/05/18,ガンバ大阪
遠藤 保仁,7,,,MF,1980/01/28,178,75,鹿児島県,日本,桜島中－鹿児島実業高－横浜フリューゲルス－京都パープルサンガ,631/33/0,103/5/0,1998/03/21,1998/08/01,ガンバ大阪
小野瀬 康介,8,,,MF,1993/04/22,176,65,東京都,日本,ミッキーＳＣ－横浜ＦＣＪｒユース－横浜ＦＣユース－横浜ＦＣ－レノファ山口ＦＣ,45/192/0,10/26/0,2011/08/07,2012/07/01,ガンバ大阪
アデミウソン,9,,,FW,1994/01/09,176,74,ブラジル,ブラジル,サンパウロＦＣユース／ブラジル－サンパウロＦＣ／ブラジル－横浜Ｆ・マリノス,134/0/0,36/0/0,2015/03/14,2015/04/25,ガンバ大阪
倉田 秋,10,ホームグロウン,,MF,1988/11/26,172,68,大阪府,日本,ＦＣファルコン－ガンバ大阪Ｊｒユース－ガンバ大阪ユース－ガンバ大阪－ジェフユナイテッド千葉－ガンバ大阪－セレッソ大阪,277/57/0,50/16/0,2007/08/11,2010/03/07,ガンバ大阪
小野 裕二,11,,,FW,1992/12/22,170,69,神奈川県,日本,城北ファイターズ－横浜Ｆ・マリノスＪｒユース追浜－横浜Ｆ・マリノスユース－横浜Ｆ・マリノス－スタンダード　リエージュ／ベルギー－シント　トロイデン／ベルギー－サガン鳥栖,147/0/0,15/0/0,2010/07/18,2010/10/17,ガンバ大阪
菅沼 駿哉,13,ホームグロウン,,DF,1990/05/17,182,78,大阪府,日本,ガンバ大阪Ｊｒユース－ガンバ大阪ユース－ガンバ大阪－ロアッソ熊本－ガンバ大阪－ジュビロ磐田－ガンバ大阪－ジュビロ磐田－京都サンガF.C.－モンテディオ山形,63/147/5,2/2/1,2011/08/06,2012/08/18,ガンバ大阪
福田 湧矢,14,,,MF,1999/04/04,176,70,福岡県,日本,小倉南ＦＣ－小倉南ＦＣＪｒユース－東福岡高,21/0/33,1/0/4,2018/02/24,2018/03/21,ガンバ大阪
井手口 陽介,15,ホームグロウン,,MF,1996/08/23,171,71,福岡県,日本,中央ＦＣ－ストリートＳＣ－油山カメリアＦＣ－ガンバ大阪Ｊｒユース－ガンバ大阪ユース－ガンバ大阪－リーズ　ユナイテッド／イングランド－クルトゥラル　レオネサ／スペイン－グロイター　フュルト／ドイツ－リーズ　ユナイテッド／イングランド,73/0/11,10/0/1,2014/08/10,2015/07/12,ガンバ大阪
一森 純,16,,,GK,1991/07/02,182,77,大阪府,日本,ゼッセル熊取ＦＣ－セレッソ大阪Ｕ－１５－セレッソ大阪Ｕ－１８－関西学院大－レノファ山口ＦＣ－ファジアーノ岡山,0/120/36,,2015/03/15,,ガンバ大阪
新里 亮,17,,,DF,1990/07/02,185,70,愛知県,日本,マルヤスＦＣ８３－リバーサイドＦＣ－岡崎城西高－中京大－水戸ホーリーホック－ヴァンフォーレ甲府－ジュビロ磐田,83/94/0,0/2/0,2013/03/03,2014/11/01,ガンバ大阪
パトリック,18,,,FW,1987/10/26,189,82,ブラジル,ブラジル,パイサンドゥＳＣ／ブラジル－ＣＡヴィラ　リカ／ブラジル－サンタクルスＦＣ／ブラジル－サルグエイロＡＣ／ブラジル－ＡＤＲＣイカザ／ブラジル－デモクラタＦＣ／ブラジル－ヴェラクルズＦＣ／ブラジル－ＳＥＲサンジョゼ／ブラジル－アメリカーノＦＣ／ブラジル－ミストＥＣ／ブラジル－ヴァスコ　ダ　ガマ／ブラジル－ヴィラノバＦＣ／ブラジル－アトレチコ　ゴイアニエンセ／ブラジル－川崎フロンターレ－ヴァンフォーレ甲府－フォルトレーザ／ブラジル－ガンバ大阪－サンフレッチェ広島,169/0/3,59/0/1,2013/03/03,2013/03/16,ガンバ大阪
キム ヨングォン,19,,,DF,1990/02/27,186,74,大韓民国,大韓民国,全州大／大韓民国－ＦＣ東京－大宮アルディージャ－広州恒大足球倶楽部／中国,96/0/0,1/0/0,2010/03/20,2019/04/28,ガンバ大阪
高木 大輔,20,,,FW,1995/10/14,170,64,神奈川県,日本,あざみ野Ｆ．Ｃ．－東京ヴェルディ１９６９ジュニア－東京ヴェルディＪｒユース－東京ヴェルディユース－東京ヴェルディ－レノファ山口ＦＣ－東京ヴェルディ－レノファ山口ＦＣ,2/163/1,0/25/0,2013/03/03,2014/03/22,ガンバ大阪
矢島 慎也,21,,,MF,1994/01/18,171,67,埼玉県,日本,北浦和サッカースポーツ少年団－浦和レッズＪｒユース－浦和レッズユース－浦和レッズ－ファジアーノ岡山－浦和レッズ－ファジアーノ岡山－浦和レッズ－ガンバ大阪－ベガルタ仙台,58/72/12,4/13/1,2012/03/24,2013/05/18,ガンバ大阪
オ ジェソク,22,,,DF,1990/01/04,178,74,大韓民国,大韓民国,新葛高／大韓民国－慶熙大／大韓民国－水原三星ブルーウィングス／大韓民国－江原ＦＣ／大韓民国－ガンバ大阪－ＦＣ東京,126/5/2,,2013/05/06,,ガンバ大阪
市丸 瑞希,23,ホームグロウン,,MF,1997/05/08,174,66,大阪府,日本,玉櫛ＪＳＣ－ガンバ大阪Ｊｒユース－ガンバ大阪ユース－ガンバ大阪－ＦＣ岐阜,5/14/48,,2016/03/13,,ガンバ大阪
黒川 圭介,24,,,DF,1997/04/13,173,70,兵庫県,日本,ＦＣ高津－ＦＣライオスＪｒユース－ヴィッセル神戸伊丹Ｕ－１５－大阪桐蔭高－関西大,1/0/0,,2019/05/11,,ガンバ大阪
石川 慧,25,,,GK,1992/09/30,185,83,新潟県,日本,関屋中－新潟明訓高－ベガルタ仙台－ソニー仙台ＦＣ－ベガルタ仙台－ブラウブリッツ秋田－ベガルタ仙台－栃木ＳＣ－サガン鳥栖,2/2/21,,2014/03/09,,ガンバ大阪
奥野 耕平,26,ホームグロウン,,MF,2000/04/03,174,63,兵庫県,日本,ガンバ大阪Ｊｒユース－ガンバ大阪ユース,0/0/29,0/0/1,2017/09/10,2019/11/04,ガンバ大阪
髙尾 瑠,27,,,DF,1996/11/09,181,68,愛知県,日本,Ａ.Ｆ.Ｃ.　Ａｇｕｉ－名古屋グランパス名古屋－名古屋グランパスＵ１５－名古屋グランパスＵ１８－関西学院大,18/0/8,,2019/03/10,,ガンバ大阪
タビナス ジェファーソン,28,,,DF,1998/08/07,182,77,東京都,日本,ＦＣ　ＷＡＳＥＤＡ－ＦＣトリプレッタ－桐光学園高－川崎フロンターレ－ＦＣ岐阜－川崎フロンターレ,0/8/0,,2019/04/07,,ガンバ大阪
山本 悠樹,29,,,MF,1997/11/06,173,64,滋賀県,日本,野洲ジュニアＦＣ－ＳＡＧＡＷＡ　ＳＨＩＧＡ　ＦＣ－ＦＣ湖東－草津東高－関西学院大,,,,,ガンバ大阪
塚元 大,30,ホームグロウン,,FW,2001/06/23,178,72,大阪府,日本,和泉市ＦＣ－ＳＳクリエイト－ガンバ大阪Ｊｒユース－ガンバ大阪ユース,0/0/22,0/0/5,2019/06/02,2019/06/23,ガンバ大阪
猿田 遥己,31,,,GK,1999/04/23,191,83,東京都,日本,ＦＣ大泉学園－横河武蔵野ＦＣジュニア－横河武蔵野ＦＣＪｒユース－柏レイソルＵ－１８－柏レイソル－鹿児島ユナイテッドＦＣ－柏レイソル,,,,,ガンバ大阪
芝本 蓮,32,ホームグロウン,,MF,1999/07/22,173,62,大阪府,日本,ガンバ大阪Ｊｒユース－ガンバ大阪ユース,0/0/82,0/0/6,2017/04/15,2017/10/30,ガンバ大阪
宇佐美 貴史,33,ホームグロウン,,FW,1992/05/06,178,69,京都府,日本,ガンバ大阪Ｊｒユース－ガンバ大阪ユース－ガンバ大阪－ＦＣバイエルン　ミュンヘン／ドイツ－ホッフェンハイム／ドイツ－ガンバ大阪－ＦＣアウクスブルク／ドイツ－フォルトゥナデュッセルドルフ／ドイツ,135/18/0,52/19/0,2009/05/24,2010/04/24,ガンバ大阪
川﨑 修平,34,ホームグロウン,,FW,2001/04/28,168,66,大阪府,日本,イーデス岸和田ＳＣ－ＮＳＣ北斗ＳＣ－ＳＳクリエイト－ガンバ大阪Ｊｒユース－ガンバ大阪ユース,0/0/25,0/0/2,2019/05/18,2019/11/04,ガンバ大阪
山口 竜弥,35,,,DF,2000/02/09,171,70,神奈川県,日本,大曽根ＳＣ－大豆戸ＦＣ－東海大相模高,0/0/60,,2018/03/17,,ガンバ大阪
松田 陸,36,,,DF,1999/05/03,175,60,群馬県,日本,美土里ＳＣ－前橋ＦＣ－前橋育英高,0/0/56,0/0/1,2018/03/17,2019/07/21,ガンバ大阪
白井 陽斗,37,ホームグロウン,,FW,1999/10/23,172,63,大阪府,日本,ガンバ大阪門真Ｊｒユース－ガンバ大阪ユース,0/0/71,0/0/9,2017/03/12,2017/10/07,ガンバ大阪
唐山 翔自,38,ホームグロウン,,FW,2002/09/21,178,65,大阪府,日本,ガンバ大阪ジュニア－ガンバ大阪Ｊｒユース－ガンバ大阪ユース,0/0/10,0/0/8,2019/07/28,2019/07/28,ガンバ大阪
渡邉 千真,39,,,FW,1986/08/10,182,79,長崎県,日本,国見ＦＣジュニア－国見中－国見高－早稲田大－横浜Ｆ・マリノス－ＦＣ東京－ヴィッセル神戸,319/0/0,94/0/0,2009/03/07,2009/03/07,ガンバ大阪
シン ウォノ,40,,,DF,2001/05/19,176,67,大韓民国,大韓民国,軍浦中／大韓民国－輔仁高／大韓民国,,,,,ガンバ大阪
イ ユノ,50,,,GK,1999/03/23,190,89,大韓民国,大韓民国,中東中／大韓民国－中東高／大韓民国－ベガルタ仙台－福島ユナイテッドＦＣ－ベガルタ仙台,,,,,ガンバ大阪
佐藤 瑶大,51,,,DF,1998/09/10,183,77,福島県,日本,羽衣ＳＣ－立川エルフＦＣ－ＦＣ多摩Ｊｒユース－駒澤大高－明治大在学中,,,,,ガンバ大阪
伊勢 航,,（２種）,,MF,2002/07/17,172,66,東京都,日本,セント　ルイス　スコ／アメリカ合衆国－ＤＲＥＡＭ　ＦＣ－ガンバ大阪Ｊｒユース,0/0/15,,2019/07/28,,ガンバ大阪
大串 昇平,,（２種）,,DF,2002/09/21,170,62,兵庫県,日本,ガンバ大阪ジュニア－ガンバ大阪Ｊｒユース,0/0/12,,2019/07/21,,ガンバ大阪
荻野 元伸,,（２種）,,MF,2002/06/27,177,70,京都府,日本,京都リノ２００１ＦＣ－ガンバ大阪Ｊｒユース,,,,,ガンバ大阪
當麻 颯,,（２種）,,DF,2002/04/21,185,71,大阪府,日本,FC REGATE 三宝－スポーツネットサッカークラブ－ガンバ大阪Ｊｒユース,0/0/9,,2019/10/06,,ガンバ大阪
福本 悠,,（２種）,,GK,2002/07/03,183,77,三重県,日本,立成ＳＳＳ－津ラピドＦＣ,,,,,ガンバ大阪
村上 景司,,（２種）,,DF,2002/09/14,176,65,大阪府,日本,水尾ＳＣ－千里丘ＦＣ,0/0/9,0/0/1,2019/09/01,2019/11/09,ガンバ大阪
吉川 直輝,,（２種）,,GK,2002/04/21,187,78,大阪府,日本,河南ＳＣ－ガンバ大阪Ｊｒユース,,,,,ガンバ大阪
永石 拓海,1,,,GK,1996/02/16,191,86,山口県,日本,高川学園高－福岡大－セレッソ大阪－レノファ山口ＦＣ,0/0/11,,2018/03/21,,セレッソ大阪
松田 陸,2,,,DF,1991/07/24,171,69,大阪府,日本,大阪セントラルＦＣジュニア－大阪セントラルＦＣＪｒユース－立正大淞南高－びわこ成蹊スポーツ大－ＦＣ東京,110/42/0,4/2/0,2014/04/29,2014/10/26,セレッソ大阪
木本 恭生,3,,,DF,1993/08/06,183,73,静岡県,日本,富士見台サッカースポーツ少年団－静岡学園中－静岡学園高－福岡大,75/1/23,2/1/1,2016/03/13,2016/06/08,セレッソ大阪
小池 裕太,4,,,DF,1996/11/06,170,64,栃木県,日本,ＦＣアネーロ宇都宮Ｕ－１５－アルビレックス新潟ユース－流通経済大－シント＝トロイデン／ベルギー－鹿島アントラーズ－シント＝トロイデン／ベルギー,14/0/0,1/0/0,2019/06/14,2019/07/06,セレッソ大阪
藤田 直之,5,,,MF,1987/06/22,175,72,福岡県,日本,ライジングスターズ－東海大第五高－福岡大－サガン鳥栖－ヴィッセル神戸,234/55/0,12/4/0,2010/03/07,2010/03/28,セレッソ大阪
レアンドロ デサバト,6,,,MF,1990/03/30,178,78,アルゼンチン,イタリア,ＣＡベレス　サルスフィ／アルゼンチン－バスコ　ダ　ガマ／ブラジル,19/0/0,,2019/02/22,,セレッソ大阪
柿谷 曜一朗,8,ホームグロウン,,FW,1990/01/03,177,68,大阪府,日本,セレッソ大阪Ｕ－１２－セレッソ大阪Ｕ－１５－セレッソ大阪Ｕ－１８－セレッソ大阪－徳島ヴォルティス－セレッソ大阪－徳島ヴォルティス－セレッソ大阪－徳島ヴォルティス－セレッソ大阪－ＦＣバーゼル／スイス,158/168/1,46/23/0,2006/11/26,2007/04/28,セレッソ大阪
都倉 賢,9,,,FW,1986/06/16,187,80,東京都,日本,キンダー善光ＳＣ－横浜Ｆ・マリノスＪｒユース菅田－川崎フロンターレＵ－１８－川崎フロンターレ－ザスパ草津－川崎フロンターレ－ザスパ草津－ヴィッセル神戸－北海道コンサドーレ札幌,135/191/0,34/74/0,2005/05/04,2008/11/09,セレッソ大阪
清武 弘嗣,10,,,MF,1989/11/12,172,66,大分県,日本,大分トリニータＵ－１５－大分トリニータＵ－１８－大分トリニータ－セレッソ大阪－１．ＦＣニュルンベルク／ドイツ－ハノーファー９６／ドイツ－セビージャ／スペイン,163/0/0,28/0/0,2008/08/09,2008/08/09,セレッソ大阪
ルーカス ミネイロ,11,,,MF,1996/02/24,188,74,ブラジル,ブラジル,ヴィラ　ノヴァ／ブラジル－シャペコエンセ／ブラジル－ポンチ　プレッタ／ブラジル－シャペコエンセ／ブラジル－バスコ　ダ　ガマ／ブラジル－シャペコエンセ／ブラジル－ポンチ　プレッタ／ブラジル－シャペコエンセ／ブラジル,1/0/0,,2020/02/22,,セレッソ大阪
高木 俊幸,13,,,FW,1991/05/25,170,64,神奈川県,日本,あざみ野Ｆ．Ｃ．－ヴェルディＪｒユース－東京ヴェルディユース－東京ヴェルディ－清水エスパルス－浦和レッズ,216/30/0,32/6/0,2009/10/18,2010/04/25,セレッソ大阪
丸橋 祐介,14,ホームグロウン,,DF,1990/09/02,178,73,大阪府,日本,大阪市ジュネッスＦＣ－セレッソ大阪Ｕ－１５－セレッソ大阪Ｕ－１８,243/79/0,16/1/0,2010/04/25,2010/10/02,セレッソ大阪
瀬古 歩夢,15,ホームグロウン,,DF,2000/06/07,183,72,大阪府,日本,セレッソ大阪Ｕ－１２－セレッソ大阪Ｕ－１５－セレッソ大阪Ｕ－１８,14/0/35,1/0/1,2016/11/13,2018/07/15,セレッソ大阪
片山 瑛一,16,,,DF,1991/11/30,180,77,埼玉県,日本,川越高－早稲田大－ファジアーノ岡山,26/146/2,0/15/0,2014/03/02,2014/03/30,セレッソ大阪
坂元 達裕,17,,,MF,1996/10/22,170,63,東京都,日本,ＦＣ東京Ｕ－１５むさし－前橋育英高－東洋大－モンテディオ山形,1/42/0,0/7/0,2019/02/24,2019/03/10,セレッソ大阪
鈴木 孝司,18,,,FW,1989/07/25,179,77,神奈川県,日本,初声ジュニアＦＣ－横浜Ｆ・マリノスＪｒユース追浜－桐光学園高－法政大－ＦＣ町田ゼルビア－ＦＣ琉球,11/112/64,1/34/31,2012/04/01,2014/03/09,セレッソ大阪
澤上 竜二,19,,,FW,1993/10/08,181,77,奈良県,日本,三和スポーツ少年団－桜ＦＣ－飛龍高－大阪体育大,14/30/34,0/1/5,2016/03/12,2016/07/10,セレッソ大阪
ブルーノ メンデス,20,,,FW,1994/08/02,184,82,ブラジル,ブラジル,グアラニＦＣ／ブラジル－マカエ／ブラジル－ボタフォゴＦＲ／ブラジル－マカエ／ブラジル－クラブ　デポルティーボ　／ウルグアイ－アトレチコ　パラナエンセ／ブラジル－クラブ　デポルティーボ　／ウルグアイ－アヴァイＦＣ／ブラジル－クラブ　デポルティーボ　／ウルグアイ－ヴィトーリア　ギマランエ／ポルトガル－クラブ　デポルティーボ　／ウルグアイ－グアラニＦＣ／ブラジル－クラブ　デポルティーボ　／ウルグアイ－グアラニＦＣ／ブラジル－クラブ　デポルティーボ　／ウルグアイ－セレッソ大阪－クラブ　デポルティーボ　／ウルグアイ,25/0/0,7/0/0,2019/03/02,2019/05/04,セレッソ大阪
キム ジンヒョン,21,,,GK,1987/07/06,192,82,大韓民国,大韓民国,東国高／大韓民国－東国大／大韓民国,252/113/1,,2009/03/08,,セレッソ大阪
マテイ ヨニッチ,22,,,DF,1991/01/29,187,83,クロアチア,クロアチア,ハイドゥク　スプリト／クロアチア－ＮＫザダル／クロアチア－ハイドゥク　スプリト／クロアチア－ＮＫザダル／クロアチア－ＮＫオシエク／クロアチア－仁川ユナイテッドＦＣ／大韓民国,102/0/0,9/0/0,2017/02/25,2017/03/04,セレッソ大阪
ウェリング ピアス,24,,,FW,1998/11/18,191,84,オーストラリア,日本,アビスパ福岡Ｕ－１２－モナッシュシティＦＣ／オーストラリア－ブリーンライオンズＦ／オーストラリア－スキラルーズビクトリ／オーストラリア－コールフィールドユナ／オーストラリア－ヌナワディングシティ／オーストラリア－メルボルン　ビクトリ／オーストラリア,0/0/20,0/0/3,2018/08/26,2018/09/22,セレッソ大阪
奥埜 博亮,25,,,MF,1989/08/14,171,68,大阪府,日本,ベガルタ仙台Ｊｒユース－ベガルタ仙台ユース－仙台大－ベガルタ仙台－Ｖ・ファーレン長崎－ベガルタ仙台－Ｖ・ファーレン長崎－ベガルタ仙台,159/55/0,24/7/0,2012/05/26,2013/08/04,セレッソ大阪
秋山 大地,26,ホームグロウン,,MF,1994/07/28,172,66,大阪府,日本,藤井寺サッカースポーツ少年団－セレッソ大阪Ｕ－１５－セレッソ大阪Ｕ－１８－セレッソ大阪－愛媛ＦＣ－セレッソ大阪－モンテディオ山形,18/29/23,,2014/09/13,,セレッソ大阪
アン ジュンス,27,ホームグロウン,,GK,1998/01/28,188,78,大韓民国,大韓民国,回龍小／大韓民国－忠毅中／大韓民国－議政府ＦＣ　Ｕ－１８／大韓民国－セレッソ大阪－鹿児島ユナイテッドＦＣ－セレッソ大阪－鹿児島ユナイテッドＦＣ,0/36/47,,2016/09/10,,セレッソ大阪
中島 元彦,28,ホームグロウン,,FW,1999/04/18,170,66,大阪府,日本,セレッソ大阪Ｕ－１２－セレッソ大阪西Ｕ－１５－セレッソ大阪Ｕ－１８,0/0/78,0/0/19,2016/05/15,2017/07/23,セレッソ大阪
島村 拓弥,29,,,MF,1999/03/06,170,59,岡山県,日本,ヒーロ備前ジュニア－オオタＦＣ－サウーディＦＣ－京都サンガF.C.Ｕ－１８－京都サンガF.C.－ＦＣ岐阜－京都サンガF.C.－ロンドリーナＥ．Ｃ／ブラジル－京都サンガF.C.,0/4/0,,2018/03/03,,セレッソ大阪
喜田 陽,30,ホームグロウン,,MF,2000/07/04,171,59,大阪府,日本,セレッソ大阪Ｕ－１２－セレッソ大阪Ｕ－１５－セレッソ大阪Ｕ－１８－セレッソ大阪－アビスパ福岡,0/10/42,,2017/03/12,,セレッソ大阪
山内 寛史,31,,,FW,1995/02/09,182,76,埼玉県,日本,金子ＦＣ－アーゼット８６東京青梅－国学院久我山高－早稲田大－セレッソ大阪－ＦＣ町田ゼルビア－セレッソ大阪－ＦＣ町田ゼルビア,4/25/17,0/1/3,2017/05/06,2017/05/21,セレッソ大阪
豊川 雄太,32,,,FW,1994/09/09,171,64,熊本県,日本,大津高－鹿島アントラーズ－ファジアーノ岡山－鹿島アントラーズ－ファジアーノ岡山－ＫＡＳオイペン／ベルギー,24/73/5,2/18/1,2014/03/01,2014/03/15,セレッソ大阪
タワン,33,,,FW,2000/01/23,174,58,タイ,タイ,ＢＧパトゥム　ユナイテッドＦＣ／タイ,0/0/13,,2019/04/07,,セレッソ大阪
吉田 有志,35,（２種）,,MF,2002/04/22,174,69,千葉県,日本,セレッソ大阪Ｕ－１２－セレッソ大阪Ｕ－１５,0/0/7,0/0/1,2019/09/15,2019/11/10,セレッソ大阪
前田 龍大,37,（２種）,,MF,2002/05/20,169,61,大阪府,日本,和泉市ＦＣ－セレッソ大阪Ｕ－１５,,,,,セレッソ大阪
西本 雅崇,38,ホームグロウン,,MF,1996/06/11,177,63,大阪府,日本,セレッソ大阪Ｕ－１２－セレッソ大阪Ｕ－１５－セレッソ大阪Ｕ－１８,3/0/98,0/0/14,2016/03/13,2016/04/02,セレッソ大阪
庄司 朋乃也,39,ホームグロウン,,DF,1997/10/08,187,78,群馬県,日本,クマガヤＳＣ－セレッソ大阪Ｕ－１８－セレッソ大阪－ツエーゲン金沢－セレッソ大阪－ツエーゲン金沢－セレッソ大阪－大分トリニータ,6/63/23,0/1/0,2016/06/12,2018/10/07,セレッソ大阪
松本 凪生,41,ホームグロウン,,MF,2001/09/04,171,66,大阪府,日本,喜連東ＦＣ－セレッソ大阪Ｕ－１５－セレッソ大阪Ｕ－１８,0/0/26,,2018/04/01,,セレッソ大阪
藤尾 翔太,42,ホームグロウン,,FW,2001/05/02,180,67,大阪府,日本,リップエースＳＣ－リップエースＳＣＪｒユース－セレッソ大阪Ｕ－１８,0/0/16,0/0/2,2018/06/16,2019/10/06,セレッソ大阪
西尾 隆矢,43,ホームグロウン,,DF,2001/05/16,180,77,大阪府,日本,ＦＣグラシオン－セレッソ大阪Ｕ－１５－セレッソ大阪Ｕ－１８,0/0/28,,2018/06/23,,セレッソ大阪
吉馴 空矢,44,ホームグロウン,,MF,2001/06/07,168,65,大阪府,日本,ＦＣスエルテ庭代台－セレッソ大阪Ｕ－１５－セレッソ大阪Ｕ－１８,0/0/16,,2019/03/10,,セレッソ大阪
茂木 秀,45,ホームグロウン,,GK,1999/01/15,195,80,神奈川県,日本,ＭＫＦＣ－桐光学園高,0/0/52,,2017/04/01,,セレッソ大阪
田平 起也,46,ホームグロウン,,DF,2001/05/10,188,80,大阪府,日本,長池つばさＦＣフューチャーズ－セレッソ大阪Ｕ－１５－神戸弘陵学園高,,,,,セレッソ大阪
前川 大河,47,ホームグロウン,,MF,1996/06/13,171,67,大阪府,日本,摂津ベアーズ－高槻ｍｙｄ－セレッソ大阪Ｕ－１８－セレッソ大阪－徳島ヴォルティス－セレッソ大阪－徳島ヴォルティス－セレッソ大阪－徳島ヴォルティス－セレッソ大阪－アビスパ福岡,0/126/2,0/8/0,2015/07/08,2017/04/22,セレッソ大阪
新保 海鈴,48,（２種）,,FW,2002/08/16,171,64,東京都,日本,柏レイソルＵ－１２－柏レイソルＵ－１５,,,,,セレッソ大阪
西川 潤,49,,,MF,2002/02/21,180,70,神奈川県,日本,青葉ＦＣ－横浜Ｆ・マリノスＪｒユース－桐光学園高,1/0/1,,2019/04/13,,セレッソ大阪
上林 豪,50,（２種）,,GK,2002/08/18,185,74,奈良県,日本,セレッソ大阪Ｕ－１２－セレッソ大阪Ｕ－１５,,,,,セレッソ大阪
下中 凌我,51,（２種）,,GK,2003/06/23,182,81,石川県,日本,テイヘンズＦＣ金沢Ｕ－１２－ツエーゲン金沢Ｕ－１５,,,,,セレッソ大阪
大橋 滉太,52,（２種）,,DF,2002/04/09,191,83,京都府,日本,桂サッカースポーツ少年団－セレッソ大阪西Ｕ－１５,,,,,セレッソ大阪
前川 黛也,1,,,GK,1994/09/08,191,86,広島県,日本,大分トリニータＵ－１２－サンフレッチェ広島ジュニア－サンフレッチェ広島Ｊｒユース－広島皆実高－関西大,13/0/0,,2018/11/03,,ヴィッセル神戸
渡部 博文,3,,,DF,1987/07/07,186,77,山形県,日本,長井サッカースポーツ少年団－長井南中－山形中央高－専修大－柏レイソル－栃木ＳＣ－柏レイソル－ベガルタ仙台,168/35/0,11/3/0,2010/11/20,2011/05/04,ヴィッセル神戸
トーマス フェルマーレン,4,,,DF,1985/11/14,183,80,ベルギー,ベルギー,アヤックス／オランダ－ＲＫＣワールウィク／オランダ－アヤックス／オランダ－アーセナル／イングランド－ＦＣバルセロナ／スペイン－ＡＳローマ／イタリア－ＦＣバルセロナ／スペイン,8/0/0,,2019/08/10,,ヴィッセル神戸
山口 蛍,5,,,MF,1990/10/06,173,72,三重県,日本,箕曲ＷＥＳＴＦＣ－セレッソ大阪Ｕ－１５－セレッソ大阪Ｕ－１８－セレッソ大阪－ハノーファー９６／ドイツ－セレッソ大阪,202/58/0,15/2/0,2009/10/18,2011/08/28,ヴィッセル神戸
セルジ サンペール,6,,,MF,1995/01/20,182,73,スペイン,スペイン,ＦＣバルセロナ／スペイン－グラナダＣＦ／スペイン－ラスパルマス／スペイン－ＦＣバルセロナ／スペイン,25/0/0,,2019/03/17,,ヴィッセル神戸
アンドレス イニエスタ,8,,,MF,1984/05/11,171,68,スペイン,スペイン,ＦＣバルセロナ／スペイン,38/0/0,9/0/0,2018/07/22,2018/08/11,ヴィッセル神戸
藤本 憲明,9,,,FW,1989/08/19,175,69,大阪府,日本,ガンバ大阪堺ジュニア－ガンバ大阪堺Ｊｒユース－青森山田高－近畿大－佐川印刷ＳＣ－佐川印刷京都ＳＣ－ＳＰ京都ＦＣ－鹿児島ユナイテッドＦＣ－大分トリニータ,29/26/57,9/12/39,2016/03/13,2016/04/03,ヴィッセル神戸
古橋 亨梧,11,,,FW,1995/01/20,170,63,奈良県,日本,アスペガス生駒ＦＣ－興国高－中央大－ＦＣ岐阜,45/68/0,16/17/0,2017/02/26,2017/04/08,ヴィッセル神戸
小川 慶治朗,13,ホームグロウン,,FW,1992/07/14,170,67,兵庫県,日本,ウッディＳＣ－ヴィッセル神戸Ｊｒユース－ヴィッセル神戸Ｕ－１８－ヴィッセル神戸－湘南ベルマーレ,176/39/0,28/16/0,2010/03/27,2010/10/30,ヴィッセル神戸
安井 拓也,14,ホームグロウン,,MF,1998/11/21,174,66,兵庫県,日本,天満南ＦＣ－パルセイロ稲美ＦＣ－ヴィッセル神戸Ｕ－１５－ヴィッセル神戸Ｕ－１８,16/0/0,,2017/10/21,,ヴィッセル神戸
菊池 流帆,17,,,DF,1996/12/09,188,80,岩手県,日本,青森山田高－大阪体育大－レノファ山口ＦＣ,0/35/0,0/3/0,2019/03/17,2019/04/14,ヴィッセル神戸
飯倉 大樹,18,,,GK,1986/06/01,181,75,神奈川県,日本,ＦＣイーグルス－横浜Ｆ・マリノスプライマリー追浜－横浜Ｆ・マリノスＪｒユース追浜－横浜Ｆ・マリノスユース－横浜Ｆ・マリノス－ロッソ熊本－横浜Ｆ・マリノス,237/0/0,,2007/10/20,,ヴィッセル神戸
初瀬 亮,19,,,DF,1997/07/10,180,70,大阪府,日本,岸和田ＪＳＣ－アンドリュースＦＣ－ガンバ大阪Ｊｒユース－ガンバ大阪ユース－ガンバ大阪－ヴィッセル神戸－アビスパ福岡,51/9/25,,2016/03/06,,ヴィッセル神戸
田中 順也,21,,,FW,1987/07/15,181,77,東京都,日本,高島平ＳＣ－三菱養和巣鴨Ｊｒユース－三菱養和ＳＣユース－順天堂大－柏レイソル－スポルティング　リスボン／ポルトガル－柏レイソル,203/24/0,47/6/0,2009/08/15,2010/05/02,ヴィッセル神戸
西 大伍,22,,,DF,1987/08/28,178,74,北海道,日本,コンサドーレ札幌ユース・Ｕ－１５－コンサドーレ札幌ユース・Ｕ－１８－コンサドーレ札幌－アルビレックス新潟－コンサドーレ札幌－鹿島アントラーズ,307/46/0,14/8/0,2007/09/02,2007/10/27,ヴィッセル神戸
山川 哲史,23,ホームグロウン,,DF,1997/10/01,186,79,兵庫県,日本,笹原ＳＣ－ヴィッセル神戸Ｕ－１５－ヴィッセル神戸Ｕ－１８－筑波大,,,,,ヴィッセル神戸
酒井 高徳,24,,,DF,1991/03/14,176,74,新潟県,日本,三条サッカースポーツ少年団－レザーＦＣＪｒユース－アルビレックス新潟ユース－アルビレックス新潟－ＶｆＢシュトゥットガルト／ドイツ－アルビレックス新潟－ＶｆＢシュトゥットガルト／ドイツ－ハンブルガーＳＶ／ドイツ,87/0/0,1/0/0,2009/03/07,2011/10/01,ヴィッセル神戸
大﨑 玲央,25,,,DF,1991/08/07,187,82,東京都,日本,横浜Ｆ・マリノスプライマリー－横浜Ｆ・マリノスＪｒユース－横浜ＦＣユース－桐蔭横浜大－レイルホークス／アメリカ合衆国－横浜ＦＣ－徳島ヴォルティス,49/75/0,1/1/0,2016/03/20,2016/06/08,ヴィッセル神戸
郷家 友太,27,,,MF,1999/06/10,183,74,宮城県,日本,鶴ヶ谷ＳＳＳ－ベガルタ仙台Ｊｒユース－青森山田中－青森山田高,35/0/0,3/0/0,2018/03/18,2018/08/19,ヴィッセル神戸
吉丸 絢梓,28,ホームグロウン,,GK,1996/03/27,183,75,宮崎県,日本,川東サッカースポーツ少年団－セレソン都城－ヴィッセル神戸Ｕ－１８－ヴィッセル神戸－大分トリニータ－ヴィッセル神戸－徳島ヴォルティス,2/0/15,,2014/03/16,,ヴィッセル神戸
伊藤 元太,30,,,GK,2000/07/02,190,75,愛媛県,日本,帝人SS－松山工業高,,,,,ヴィッセル神戸
中坂 勇哉,31,ホームグロウン,,MF,1997/08/05,171,68,徳島県,日本,田宮ビクトリー－ヴィッセル神戸Ｕ－１５－ヴィッセル神戸Ｕ－１８－ヴィッセル神戸－CFペララーダ／スペイン－ヴィッセル神戸－京都サンガF.C.,27/7/0,3/1/0,2016/05/14,2016/10/29,ヴィッセル神戸
ダンクレー,33,,,DF,1992/01/24,187,80,ブラジル,ブラジル,ECヴィトーリア／ブラジル－ボタフォゴ／ブラジル－ジョインビレＥＣ／ブラジル－エストリル／ポルトガル－ＲＣランス／フランス－ヴィトーリアＦＣ／ポルトガル,30/0/0,,2019/03/02,,ヴィッセル神戸
佐々木 大樹,38,ホームグロウン,,MF,1999/09/17,180,77,島根県,日本,レスポール浜田Ｊｒユース－ヴィッセル神戸Ｕ－１８－ヴィッセル神戸－ＳＥパルメイラス／ブラジル,6/0/0,1/0/0,2018/04/11,2018/04/11,ヴィッセル神戸
小田 裕太郎,41,ホームグロウン,,FW,2001/08/12,181,70,兵庫県,日本,ヴィッセル神戸Ｕ－１５－ヴィッセル神戸Ｕ－１８,,,,,ヴィッセル神戸
藤谷 壮,44,ホームグロウン,,DF,1997/10/28,178,67,兵庫県,日本,北五葉ＳＣ－ヴィッセル神戸Ｕ－１２－ヴィッセル神戸Ｕ－１５－ヴィッセル神戸Ｕ－１８,41/0/0,,2015/04/12,,ヴィッセル神戸
ドウグラス,49,,,FW,1987/12/30,184,80,ブラジル,ブラジル,モトクラブ／ブラジル－マドゥレイラ／ブラジル－フィゲレンセ／ブラジル－徳島ヴォルティス－京都サンガF.C.－徳島ヴォルティス－サンフレッチェ広島－徳島ヴォルティス－アル　アインＦＣ／アラブ首長国連邦－アランヤスポル／トルコ－清水エスパルス,92/109/0,46/29/0,2010/07/25,2010/08/22,ヴィッセル神戸
林 卓人,1,ホームグロウン,,GK,1982/08/09,188,85,大阪府,日本,金光大阪高－サンフレッチェ広島－コンサドーレ札幌－ベガルタ仙台－コンサドーレ札幌－ベガルタ仙台－コンサドーレ札幌－ベガルタ仙台－コンサドーレ札幌－ベガルタ仙台,293/183/0,,2002/11/30,,サンフレッチェ広島
野上 結貴,2,,,DF,1991/04/20,180,72,東京都,日本,若杉ＳＣ－ワセダクラブＦｏｒｚａ’０２－保善高－桐蔭横浜大－横浜ＦＣ,92/130/0,1/6/0,2012/04/27,2013/03/10,サンフレッチェ広島
井林 章,3,ホームグロウン,,DF,1990/09/05,179,70,広島県,日本,コスモ東広島Ｆ．Ｃ－サンフレッチェびんごＪｒユースＦ．Ｃ－広島皆実高－関西学院大－東京ヴェルディ,4/227/0,0/11/0,2013/05/06,2013/07/20,サンフレッチェ広島
松本 大弥,5,ホームグロウン,,MF,2000/08/10,180,73,東京都,日本,横河武蔵野ＦＣＪｒユース－サンフレッチェ広島ユース,5/0/0,,2019/02/23,,サンフレッチェ広島
青山 敏弘,6,ホームグロウン,,MF,1986/02/22,174,73,岡山県,日本,ＫＳＳ　ＨＡＪＡＸＳ　ＦＣ－作陽高,359/36/0,18/4/0,2006/07/19,2006/08/26,サンフレッチェ広島
野津田 岳人,7,ホームグロウン,,MF,1994/06/06,177,72,広島県,日本,シーガル広島－サンフレッチェ広島Ｊｒユース－サンフレッチェ広島ユース－サンフレッチェ広島－アルビレックス新潟－サンフレッチェ広島－清水エスパルス－サンフレッチェ広島－ベガルタ仙台－サンフレッチェ広島－ベガルタ仙台,143/0/4,17/0/1,2012/03/17,2013/05/18,サンフレッチェ広島
川辺 駿,8,ホームグロウン,,MF,1995/09/08,178,70,広島県,日本,広島高陽ＦＣ－サンフレッチェ広島Ｊｒユース－サンフレッチェ広島ユース－サンフレッチェ広島－ジュビロ磐田－サンフレッチェ広島－ジュビロ磐田－サンフレッチェ広島－ジュビロ磐田,130/33/1,9/3/0,2013/03/30,2015/08/01,サンフレッチェ広島
ドウグラス ヴィエイラ,9,,,FW,1987/11/12,189,82,ブラジル,ブラジル,マカエ／ブラジル－スポルチＭＧ／ブラジル－サント　アンジェロ／ブラジル－カルマルＦＦ／スウェーデン－ＣＡジュベントス／ブラジル－ＳＥＲサンジョゼ／ブラジル－ＥＣサンルイス／ブラジル－ウニオン　フレデリケンセ／ブラジル－ジュべントゥージ／ブラジル－ナウチコ／ブラジル－東京ヴェルディ,26/108/0,8/37/0,2016/02/28,2016/06/12,サンフレッチェ広島
森島 司,10,ホームグロウン,,MF,1997/04/25,175,66,三重県,日本,愛宕サッカー少年団－名古屋グランパスエイトＪｒユース－ヴィアティン北勢ＦＣ－四日市中央工高,40/0/0,4/0/0,2017/02/25,2019/05/26,サンフレッチェ広島
増田 卓也,13,,,GK,1989/06/29,185,80,広島県,日本,広島高陽ＦＣ－広島ピジョンＦＣ－広島皆実高－流通経済大－サンフレッチェ広島－Ｖ・ファーレン長崎－サンフレッチェ広島－Ｖ・ファーレン長崎－サンフレッチェ広島－ＦＣ町田ゼルビア,10/80/0,,2013/05/06,,サンフレッチェ広島
エゼキエウ,14,,,MF,1998/03/09,167,65,ブラジル,ブラジル,ボタフォゴＦＲ／ブラジル－スポルチ　レシフェ／ブラジル－ボタフォゴＦＲ／ブラジル－クルゼイロＥＣ／ブラジル－ボタフォゴＦＲ／ブラジル,,,,,サンフレッチェ広島
櫛引 一紀,15,,,DF,1993/02/12,182,82,北海道,日本,富岸ジュニアキッカーズサッカー少年団－登別緑陽中－室蘭大谷高－北海道コンサドーレ札幌－名古屋グランパス－北海道コンサドーレ札幌－名古屋グランパス－大宮アルディージャ－名古屋グランパス,32/160/0,0/3/0,2011/05/21,2014/07/26,サンフレッチェ広島
清水 航平,16,ホームグロウン,,MF,1989/04/30,169,67,福岡県,日本,宗像中央中－東海大第五高－サンフレッチェ広島－清水エスパルス－サンフレッチェ広島－清水エスパルス－サンフレッチェ広島－清水エスパルス－ヴァンフォーレ甲府－清水エスパルス－サンフレッチェ広島－清水エスパルス,151/13/0,6/1/0,2008/10/25,2008/10/25,サンフレッチェ広島
松本 泰志,17,ホームグロウン,,MF,1998/08/22,180,70,埼玉県,日本,クマガヤＳＣ－昌平高,18/0/0,,2018/04/11,,サンフレッチェ広島
柏 好文,18,,,MF,1987/07/28,168,62,山梨県,日本,増穂サッカースポーツ少年団－フォルトゥナＳＣ－韮崎高－国士舘大－ヴァンフォーレ甲府,254/57/0,26/5/0,2010/04/25,2010/08/29,サンフレッチェ広島
佐々木 翔,19,,,DF,1989/10/02,176,70,神奈川県,日本,栗原ＦＣ－横浜Ｆ・マリノスプライマリー－横浜Ｆ・マリノスＪｒユース－城山高－神奈川大－ヴァンフォーレ甲府,159/35/0,10/2/0,2012/03/04,2012/03/11,サンフレッチェ広島
永井 龍,20,,,FW,1991/05/23,180,73,兵庫県,日本,西宮少年ＳＣ－セレッソ大阪Ｕ－１５－セレッソ大阪Ｕ－１８－セレッソ大阪－パースグローリーＦＣ／オーストラリア－セレッソ大阪－大分トリニータ－セレッソ大阪－Ｖ・ファーレン長崎－名古屋グランパス－松本山雅ＦＣ,73/98/0,6/28/0,2010/09/25,2014/09/13,サンフレッチェ広島
廣永 遼太郎,21,,,GK,1990/01/09,186,80,東京都,日本,ＪＡＣＰＡ東京ＦＣ－ＦＣ東京Ｕ－１５－ＦＣ東京Ｕ－１８－ＦＣ東京－横河武蔵野ＦＣ－ＦＣ東京－ファジアーノ岡山－ＦＣ東京－ファジアーノ岡山－ＦＣ東京－カターレ富山－ＦＣ東京,1/16/0,,2010/09/19,,サンフレッチェ広島
荒木 隼人,23,ホームグロウン,,DF,1996/08/07,186,75,大阪府,日本,ガンバ大阪門真ジュニア－ガンバ大阪門真Ｊｒユース－サンフレッチェ広島ユース－関西大,25/0/0,2/0/0,2019/03/09,2019/07/13,サンフレッチェ広島
東 俊希,24,ホームグロウン,,MF,2000/07/28,180,69,愛媛県,日本,ＦＣゼブラ－サンフレッチェ広島ユース,13/0/0,,2018/11/24,,サンフレッチェ広島
茶島 雄介,25,ホームグロウン,,MF,1991/07/20,166,60,広島県,日本,サンフレッチェ広島ジュニア－サンフレッチェ広島Ｊｒユース－サンフレッチェ広島ユース－東京学芸大－サンフレッチェ広島－ジェフユナイテッド千葉－サンフレッチェ広島－ジェフユナイテッド千葉,38/61/0,3/4/0,2014/09/13,2016/04/01,サンフレッチェ広島
土肥 航大,26,ホームグロウン,,MF,2001/04/13,180,67,大阪府,日本,リップエースＳＣＪｒユース－サンフレッチェ広島ユース,,,,,サンフレッチェ広島
鮎川 峻,27,ホームグロウン,,FW,2001/09/15,164,61,愛知県,日本,ＦＣ　ＦＥＲＶＯＲ愛知－サンフレッチェ広島ユース,,,,,サンフレッチェ広島
浅野 雄也,29,,,MF,1997/02/17,173,70,三重県,日本,ぺルナＳＣ－八風中－四日市四郷高－大阪体育大－水戸ホーリーホック－サンフレッチェ広島－水戸ホーリーホック,1/34/0,0/4/0,2019/02/24,2019/05/05,サンフレッチェ広島
柴﨑 晃誠,30,,,MF,1984/08/28,176,65,長崎県,日本,国見少年ＳＣ－国見中－国見高－国士舘大－東京ヴェルディ－川崎フロンターレ－東京ヴェルディ－川崎フロンターレ－徳島ヴォルティス,229/139/0,25/16/0,2007/04/22,2008/07/05,サンフレッチェ広島
大迫 敬介,38,ホームグロウン,,GK,1999/07/28,187,86,鹿児島県,日本,江内サッカースポーツ少年団－フェリシドＦＣ－サンフレッチェ広島ユース,30/0/0,,2019/02/23,,サンフレッチェ広島
レアンドロ ペレイラ,39,,,FW,1991/07/13,190,76,ブラジル,ブラジル,ポルトゲーザ／ブラジル－シャペコエンセ／ブラジル－パルメイラス／ブラジル－クラブ　ブルージュ／ベルギー－パルメイラス／ブラジル－スポルチ　レシフェ／ブラジル－シャペコエンセ／ブラジル－松本山雅ＦＣ－サンフレッチェ広島－松本山雅ＦＣ,22/0/0,7/0/0,2019/03/31,2019/04/14,サンフレッチェ広島
ハイネル,44,,,MF,1990/09/05,172,64,ブラジル,ブラジル,グレミオ　バルエリ／ブラジル－マリーリア／ブラジル－グレミオ　バルエリ／ブラジル－ＦＣカスカヴェウ／ブラジル－グレミオ　バルエリ／ブラジル－トンベンセＦＣ／ブラジル－フィゲイレンセＦＣ／ブラジル－リネンセ／ブラジル－ナウチコ／ブラジル－フルミネンセＦＣ／ブラジル－ＥＣバイーア／ブラジル－ＥＣヴィトーリア／ブラジル－ポンチ　プレッタ／ブラジル－川崎フロンターレ－ECヴィトーリア／ブラジル－トンベンセ／ブラジル,39/0/0,3/0/0,2017/03/05,2017/05/05,サンフレッチェ広島
藤井 智也,,,,MF,1998/12/04,173,65,岐阜県,日本,若鮎長良ＦＣ－長良高－立命館大在学中,,,,,サンフレッチェ広島
守田 達弥,1,,,GK,1990/08/03,191,87,千葉県,日本,イーグルス－ＦＣ　リベレオ－習志野高－京都サンガF.C.－カターレ富山－京都サンガF.C.－カターレ富山－京都サンガF.C.－アルビレックス新潟－松本山雅ＦＣ,150/100/0,,2010/09/11,,サガン鳥栖
原 輝綺,2,,,MF,1998/07/30,180,72,埼玉県,日本,市立船橋高－アルビレックス新潟,37/25/0,1/0/0,2017/02/25,2017/04/16,サガン鳥栖
エドゥアルド,3,,,DF,1993/04/27,184,84,ブラジル,ブラジル,リオ　クラロ　Ｕ－２０／ブラジル－メトロポリターノＳＰ／ブラジル－ＦＣルステナウ／オーストリア－オーストリアルステナウ／オーストリア－ガイナーレ鳥取－栃木ＳＣ－柏レイソル－川崎フロンターレ－柏レイソル－川崎フロンターレ－松本山雅ＦＣ,85/34/0,4/4/0,2013/07/27,2013/09/15,サガン鳥栖
原川 力,4,,,MF,1993/08/18,175,72,山口県,日本,レオーネ山口－京都サンガF.C.Ｕ－１８－京都サンガF.C.－愛媛ＦＣ－京都サンガF.C.－川崎フロンターレ－サガン鳥栖－川崎フロンターレ,98/71/1,13/1/0,2012/07/22,2014/07/26,サガン鳥栖
内田 裕斗,6,,,DF,1995/04/29,171,62,大阪府,日本,水尾ＳＣ－ガンバ大阪Ｊｒユース－ガンバ大阪ユース－ガンバ大阪－徳島ヴォルティス－ガンバ大阪－徳島ヴォルティス,1/141/6,0/9/0,2014/03/09,2015/04/05,サガン鳥栖
金森 健志,7,,,FW,1994/04/04,171,74,福岡県,日本,若久サッカー少年団－筑陽学園中－筑陽学園高－アビスパ福岡－鹿島アントラーズ－サガン鳥栖－鹿島アントラーズ,74/99/0,6/21/0,2013/03/03,2013/04/17,サガン鳥栖
岩下 敬輔,8,,,DF,1986/09/24,181,77,鹿児島県,日本,石谷サッカースポーツ少年団－桜島中－鹿児島実業高－清水エスパルス－ガンバ大阪－清水エスパルス－ガンバ大阪－アビスパ福岡－サガン鳥栖－アビスパ福岡,205/72/6,14/6/0,2005/05/01,2007/08/26,サガン鳥栖
チアゴ アウベス,9,,,FW,1993/01/12,181,72,ブラジル,ブラジル,パラナ　クルーベ／ブラジル－浦項スティーラース／大韓民国－城南ＦＣ／大韓民国－アルヒラル／サウジアラビア－清水エスパルス－アルヒラル／サウジアラビア－全北現代モータース／大韓民国－サガン鳥栖－全北現代モータース／大韓民国,22/0/0,4/0/0,2017/04/16,2017/04/21,サガン鳥栖
豊田 陽平,11,,,FW,1985/04/11,185,79,石川県,日本,星稜高－名古屋グランパスエイト－モンテディオ山形－名古屋グランパスエイト－モンテディオ山形－名古屋グランパス－京都サンガF.C.－サガン鳥栖－京都サンガF.C.－サガン鳥栖－京都サンガF.C.－サガン鳥栖－蔚山現代FC／大韓民国,278/124/0,98/53/0,2004/08/21,2005/07/13,サガン鳥栖
板橋 洋青,12,ホームグロウン,,GK,2001/08/11,185,75,佐賀県,日本,サガン鳥栖Ｕ－１５－サガン鳥栖Ｕ－１８,,,,,サガン鳥栖
小林 祐三,13,,,DF,1985/11/15,176,72,東京都,日本,松林少年ＳＣ－上里ＦＣ－静岡学園高－柏レイソル－横浜Ｆ・マリノス,360/70/0,5/1/0,2004/06/16,2005/07/10,サガン鳥栖
高橋 義希,14,ホームグロウン,,MF,1985/05/14,170,67,長野県,日本,ＪＦＣ須坂ヴェンセール－松商学園高－サガン鳥栖－ベガルタ仙台－サガン鳥栖－ベガルタ仙台,261/242/0,6/20/0,2004/05/19,2004/06/27,サガン鳥栖
パク ジョンス,15,,,DF,1994/04/12,188,76,大韓民国,大韓民国,新谷小／大韓民国－驛谷中／大韓民国－慶煕高／大韓民国－慶煕大／大韓民国－横浜Ｆ・マリノス－柏レイソル－サガン鳥栖－柏レイソル,53/3/0,1/0/0,2016/05/14,2016/05/29,サガン鳥栖
林 大地,16,,,FW,1997/05/23,178,74,大阪府,日本,履正社高－大阪体育大,1/0/0,1/0/0,2019/08/11,2019/08/11,サガン鳥栖
高丘 陽平,18,,,GK,1996/03/16,181,72,神奈川県,日本,あざみ野Ｆ．Ｃ．－横浜ＦＣＪｒユース－横浜ＦＣユース－横浜ＦＣ－サガン鳥栖－横浜ＦＣ,25/41/4,,2014/03/23,,サガン鳥栖
趙 東建,19,,,FW,1986/04/16,180,75,大韓民国,大韓民国,城南一和天馬／大韓民国－水原三星ブルーウィングス／大韓民国－尚州尚武／大韓民国－水原三星ブルーウィングス／大韓民国,44/0/0,7/0/0,2017/02/25,2017/04/01,サガン鳥栖
レンゾ ロペス,20,,,FW,1994/04/16,191,83,ウルグアイ,ウルグアイ,ＣＡレンティスタス／ウルグアイ－ラシン　クラブ／ウルグアイ－スド　アメリカ／ウルグアイ－エストレマドゥーラＵＤ／スペイン－プラサ　コロニア／ウルグアイ－京都サンガF.C.－オヒギンズ／チリ－プラサ コロニア／ウルグアイ,0/37/0,0/11/0,2018/02/25,2018/03/03,サガン鳥栖
金 珉浩,21,,,GK,2000/01/26,192,83,大韓民国,大韓民国,輔仁高／大韓民国,,,,,サガン鳥栖
小屋松 知哉,22,,,MF,1995/04/24,171,64,京都府,日本,宇治ＦＣ－京都橘高－名古屋グランパス－京都サンガF.C.,30/116/3,1/22/2,2014/03/09,2014/03/16,サガン鳥栖
本田 風智,23,ホームグロウン,,MF,2001/05/10,170,64,福岡県,日本,ＰＦＴＣ北九州Ｕ－１２－ＰＦＴＣ北九州Ｕ－１５－サガン鳥栖Ｕ－１８,1/0/0,,2020/02/22,,サガン鳥栖
安 庸佑,25,,,MF,1991/08/10,177,69,大韓民国,大韓民国,昌原機械工高／大韓民国－東義大／大韓民国－全南ドラゴンズ／大韓民国,40/0/0,4/0/0,2017/08/26,2018/05/02,サガン鳥栖
王 嘉楠,26,,,DF,1993/05/31,180,70,中国,中国,河南建業／中国－広州富力足球倶楽部／中国,,,,,サガン鳥栖
森下 龍矢,28,,,DF,1997/04/11,170,65,静岡県,日本,掛川ＪＦＣ０１－ジュビロＳＳ掛川－ジュビロ磐田Ｕ－１８－明治大,1/0/0,,2020/02/22,,サガン鳥栖
樋口 雄太,30,ホームグロウン,,MF,1996/10/30,168,66,佐賀県,日本,サガン鳥栖Ｕ－１２－サガン鳥栖Ｕ－１５－サガン鳥栖Ｕ－１８－鹿屋体育大,1/0/0,,2019/03/02,,サガン鳥栖
大畑 歩夢,31,ホームグロウン,,DF,2001/04/27,168,63,福岡県,日本,小倉南ＦＣ－サガン鳥栖Ｕ－１８,,,,,サガン鳥栖
湯澤 洋介,32,,,MF,1990/12/31,167,60,栃木県,日本,今市第三カルナヴァル－今市中－矢板中央高－駒澤大－栃木ＳＣ－水戸ホーリーホック－京都サンガF.C.,0/182/0,0/8/0,2013/03/03,2013/06/22,サガン鳥栖
石井 快征,33,ホームグロウン,,FW,2000/04/02,174,65,福岡県,日本,サガン鳥栖Ｕ－１５－サガン鳥栖Ｕ－１８,1/0/0,,2019/06/15,,サガン鳥栖
高橋 秀人,36,,,MF,1987/10/17,184,75,群馬県,日本,伊勢崎ＳＦＣイレブン－図南ＳＣＪｒユース－前橋商高－東京学芸大－ＦＣ東京－ヴィッセル神戸,236/32/2,15/4/0,2010/07/25,2011/06/29,サガン鳥栖
宮 大樹,38,,,DF,1996/04/01,186,82,大阪府,日本,大阪セントラルＦＣ－清明学院高－びわこ成蹊スポーツ大－ヴィッセル神戸－水戸ホーリーホック－ヴィッセル神戸,17/12/0,0/2/0,2018/04/11,2019/10/06,サガン鳥栖
松本 大輔,39,,,DF,1998/09/10,183,79,埼玉県,日本,レジスタＦＣ－箕曲ＷＥＳＴ　ＦＣ－帝京第三高－中央大在学中,,,,,サガン鳥栖
松岡 大起,41,ホームグロウン,,MF,2001/06/01,170,65,熊本県,日本,ソレッソ熊本－サガン鳥栖Ｕ－１８,24/0/0,,2019/03/02,,サガン鳥栖
兒玉 澪王斗,43,（２種）,,FW,2002/04/24,178,70,鹿児島県,日本,Ｆ．Ｃｕｏｒｅ,,,,,サガン鳥栖
梁 勇基,50,,,MF,1982/01/07,173,72,大阪府,日本,泉州朝鮮初級学校－大阪朝鮮中－大阪朝鮮高級学校－阪南大－ベガルタ仙台,268/254/0,29/47/0,2004/04/11,2004/06/12,サガン鳥栖
高木 駿,1,,,GK,1989/05/22,181,76,神奈川県,日本,本町ＳＣ－ヴェルディジュニア－ヴェルディＪｒユース－東京ヴェルディ１９６９ユース－明治大－川崎フロンターレ－ジェフユナイテッド千葉－川崎フロンターレ－ジェフユナイテッド千葉－川崎フロンターレ,37/86/0,,2014/09/28,,大分トリニータ
香川 勇気,2,,,DF,1992/07/02,177,70,兵庫県,日本,三木ＳＳＤ－イルソーレ小野ＦＣ－滝川二高－阪南大－レノファ山口ＦＣ－Ｖ・ファーレン長崎－東京ヴェルディ－Ｖ・ファーレン長崎,3/85/22,0/7/0,2015/03/15,2016/06/08,大分トリニータ
三竿 雄斗,3,,,DF,1991/04/16,175,70,東京都,日本,グレンシルズ／カナダ－横河武蔵野ＦＣジュニア－横河武蔵野ＦＣＪｒユース－東京ヴェルディユース－早稲田大－湘南ベルマーレ－鹿島アントラーズ,95/40/0,4/1/0,2014/03/02,2014/03/22,大分トリニータ
島川 俊郎,4,,,MF,1990/05/28,180,75,千葉県,日本,柏レイソルＪｒユース－柏レイソルＵ－１８－ベガルタ仙台－東京ヴェルディ－ベガルタ仙台－ブラウブリッツ秋田－ベガルタ仙台－ブラウブリッツ秋田－ベガルタ仙台－ブラウブリッツ秋田－レノファ山口ＦＣ－栃木ＳＣ－レノファ山口ＦＣ－ヴァンフォーレ甲府,35/16/78,0/2/4,2014/03/09,2015/11/01,大分トリニータ
鈴木 義宜,5,,,DF,1992/09/11,184,73,宮崎県,日本,広瀬サッカースポーツ少年団－宮崎日大中－宮崎日大高－宮崎産業経営大,35/124/30,0/5/1,2015/03/08,2015/04/01,大分トリニータ
小林 裕紀,6,,,MF,1988/10/18,180,70,神奈川県,日本,ヴェルディＪｒユース－ヴェルディユース－明治大－ジュビロ磐田－アルビレックス新潟－名古屋グランパス,220/26/0,4/1/0,2011/03/05,2012/05/19,大分トリニータ
松本 怜,7,,,MF,1988/02/25,175,68,北海道,日本,知利別サッカー少年団－蘭東中－青森山田高－早稲田大－横浜Ｆ・マリノス－大分トリニータ－横浜Ｆ・マリノス－大分トリニータ－横浜Ｆ・マリノス,62/125/27,1/9/1,2010/10/17,2013/03/30,大分トリニータ
町田 也真人,8,,,MF,1989/12/19,166,57,埼玉県,日本,浦和別所サッカースポーツ少年団－ＦＣ浦和－白幡中－埼玉栄高－専修大－ジェフユナイテッド千葉－松本山雅ＦＣ,14/153/0,0/22/0,2012/03/11,2015/07/04,大分トリニータ
知念 慶,9,,,FW,1995/03/17,177,73,沖縄県,日本,北丘ＦＣ－南風原中－知念高－愛知学院大－川崎フロンターレ,53/0/0,10/0/0,2017/04/01,2017/10/29,大分トリニータ
野村 直輝,10,,,MF,1991/04/17,168,65,山口県,日本,セイザンＦＣ－セイザンＦＣ　Ｕ－１５－下関中央工高－日本経済大－横浜ＦＣ－徳島ヴォルティス,1/177/0,0/26/0,2014/03/02,2014/04/29,大分トリニータ
田中 達也,11,,,MF,1992/06/09,172,69,福岡県,日本,Ｙ－ＥＡＳＴ－アビスパ福岡Ｕ－１５－東福岡高－九州産業大－ロアッソ熊本－ＦＣ岐阜－ロアッソ熊本－ガンバ大阪,24/95/0,1/11/0,2011/08/27,2015/09/13,大分トリニータ
小塚 和季,14,,,MF,1994/08/02,174,68,新潟県,日本,見附ジュニアＦＣ－見附ＦＣ　Ｕ－１２－長岡ＪｒユースＦＣ－帝京長岡高－アルビレックス新潟－レノファ山口ＦＣ－アルビレックス新潟－レノファ山口ＦＣ－アルビレックス新潟－レノファ山口ＦＣ－アルビレックス新潟－ヴァンフォーレ甲府,41/70/34,1/14/6,2014/04/26,2015/03/21,大分トリニータ
小出 悠太,15,,,DF,1994/10/20,180,76,千葉県,日本,一宮ウイングスＦＣ－ジェフユナイテッド千葉Ｕ－１５辰巳台－市立船橋高－明治大－ヴァンフォーレ甲府,10/69/0,0/1/0,2017/05/28,2018/05/26,大分トリニータ
渡 大生,16,,,FW,1993/06/25,176,70,広島県,日本,広島高陽ＦＣ　Ｕ－１２－広島高陽ＦＣ　Ｕ－１５－広島皆実高－ギラヴァンツ北九州－徳島ヴォルティス－サンフレッチェ広島,41/213/0,4/59/0,2012/03/11,2012/03/20,大分トリニータ
伊佐 耕平,18,,,FW,1991/11/23,175,72,兵庫県,日本,若葉ＳＳＤ－尼崎ＦＣ－神戸科学技術高－大阪体育大,5/118/16,1/16/4,2014/03/22,2015/06/14,大分トリニータ
星 雄次,19,,,DF,1992/07/27,170,64,神奈川県,日本,つくし野サッカースポーツ少年団－横浜Ｆ・マリノスＪｒユース－横浜Ｆ・マリノスユース－法政大－福島ユナイテッドＦＣ－レノファ山口ＦＣ,12/96/35,0/12/5,2015/03/15,2015/03/29,大分トリニータ
小手川 宏基,20,ホームグロウン,,MF,1989/09/12,173,67,大分県,日本,カティオーラＦＣ－大分トリニータＵ－１８－大分トリニータ－ギラヴァンツ北九州,19/247/0,0/30/0,2007/03/10,2012/03/04,大分トリニータ
ムン キョンゴン,22,,,GK,1995/02/09,187,81,大韓民国,大韓民国,昌寧中／大韓民国－釜慶高／大韓民国－光云大／大韓民国,,,,,大分トリニータ
高山 薫,23,,,MF,1988/07/08,173,66,神奈川県,日本,ＧＨＵ－川崎フロンターレＵ－１５－川崎フロンターレＵ－１８－専修大－湘南ベルマーレ－柏レイソル－湘南ベルマーレ,172/81/0,19/17/0,2011/03/06,2011/05/08,大分トリニータ
小林 成豪,25,,,MF,1994/01/08,176,68,兵庫県,日本,若草ＳＣ－ヴィッセル神戸Ｊｒユース－ヴィッセル神戸Ｕ－１８－関西学院大－ヴィッセル神戸－モンテディオ山形－ヴィッセル神戸,40/34/0,4/12/0,2016/02/27,2016/05/29,大分トリニータ
佐藤 和弘,26,,,MF,1990/09/28,176,68,岐阜県,日本,北陵中－ジュビロ磐田ユース－中京大－ツエーゲン金沢－水戸ホーリーホック－ヴァンフォーレ甲府,0/173/27,0/22/7,2014/03/09,2014/03/09,大分トリニータ
三平 和司,27,,,FW,1988/01/13,175,68,神奈川県,日本,大根ＳＣ－ヴェルディＳＳ相模原－秦野南が丘高－神奈川大－湘南ベルマーレ－大分トリニータ－湘南ベルマーレ－大分トリニータ－湘南ベルマーレ－京都サンガF.C.,26/225/15,5/54/10,2008/06/08,2008/07/27,大分トリニータ
岩田 智輝,29,ホームグロウン,,DF,1997/04/07,178,75,大分県,日本,四日市南ＳＳＣ－大分トリニータＵ－１５宇佐－大分トリニータＵ－１８,28/32/24,4/0/1,2016/03/13,2016/11/20,大分トリニータ
高橋 祐翔,30,,,DF,2001/09/19,189,70,鳥取県,日本,蹴友ＦＣ－米子北高,,,,,大分トリニータ
髙澤 優也,31,,,FW,1997/02/19,181,71,東京都,日本,南綾瀬ＦＣ－ジェファＦＣ－流通経済大付属柏高－流通経済大－ザスパクサツ群馬,0/0/27,0/0/17,2019/03/10,2019/06/01,大分トリニータ
前田 凌佑,32,,,MF,1994/04/27,173,68,兵庫県,日本,安室ＳＣ－ヴィッセル神戸Ｊｒユース－ヴィッセル神戸Ｕ－１８－ヴィッセル神戸－大分トリニータ－ヴィッセル神戸－大分トリニータ－ヴィッセル神戸,37/30/14,0/1/2,2014/04/20,2014/07/20,大分トリニータ
高畑 奎汰,38,ホームグロウン,,MF,2000/09/16,175,70,大分県,日本,大分トリニータＵ－１５－大分トリニータＵ－１８－大分トリニータ－ガイナーレ鳥取,6/0/12,0/0/1,2019/03/02,2019/11/10,大分トリニータ
長谷川 雄志,40,,,MF,1996/12/06,178,75,鹿児島県,日本,鹿児島育英館中－鹿児島城西高－宮崎産業経営大,20/0/0,,2019/05/12,,大分トリニータ
刀根 亮輔,41,ホームグロウン,,DF,1991/10/29,182,75,福岡県,日本,深町ＳＣ－若松中－大分トリニータＵ－１８－大分トリニータ－東京ヴェルディ－名古屋グランパス－Ｖ・ファーレン長崎－名古屋グランパス－ギラヴァンツ北九州,4/135/28,0/3/2,2010/03/14,2010/04/11,大分トリニータ
勝木 翔也,42,（２種）,,GK,2002/06/09,176,78,大分県,日本,カティオーラＦＣ　Ｕ－１５,,,,,大分トリニータ
弓場 将輝,43,（２種）,,MF,2002/05/13,173,66,鹿児島県,日本,大分トリニータＵ－１５,,,,,大分トリニータ
吉田 舜,44,,,GK,1996/11/28,184,83,埼玉県,日本,江南南ＳＳＳ－クマガヤＳＣ－前橋育英高－法政大－ザスパクサツ群馬,0/0/34,,2019/03/10,,大分トリニータ
工藤 宗大,45,（２種）,,DF,2002/04/04,183,67,大分県,日本,大分トリニータＵ－１２－大分トリニータＵ－１５,,,,,大分トリニータ
平川 絢大,46,（２種）,,FW,2003/01/08,171,67,大分県,日本,大分トリニータＵ－１２－大分トリニータＵ－１５,,,,,大分トリニータ
井上 健太,47,,,MF,1998/07/23,171,66,神奈川県,日本,横浜ジュニオールＳＣ－立正大学湘南高－福岡大在学中,,,,,大分トリニータ
羽田 健人,49,,,DF,1997/07/07,185,80,大阪府,日本,千里丘ＦＣ－金光大阪高－関西大,1/0/0,,2019/11/30,,大分トリニータ
